Using launch settings from src\Nestify.Api\Properties\launchSettings.json...
fail: Microsoft.AspNetCore.DataProtection.KeyManagement.KeyRingProvider[48]
      An error occurred while reading the key ring.
      System.UnauthorizedAccessException: Access to the path 'C:\Users\Victus\AppData\Local\ASP.NET\DataProtection-Keys' is denied.
         at System.IO.Enumeration.FileSystemEnumerator`1.CreateDirectoryHandle(String path, Boolean ignoreNotFound)
         at System.IO.Enumeration.FileSystemEnumerator`1.Init()
         at System.IO.Enumeration.FileSystemEnumerator`1..ctor(String directory, Boolean isNormalized, EnumerationOptions options, String expression)
         at System.IO.Enumeration.FileSystemEnumerable`1..ctor(String directory, FindTransform transform, EnumerationOptions options, Boolean isNormalized, String expression)
         at System.IO.Enumeration.FileSystemEnumerableFactory.FileSystemInfos(String directory, String expression, EnumerationOptions options, Boolean isNormalized)
         at System.IO.DirectoryInfo.InternalEnumerateInfos(String path, String searchPattern, SearchTarget searchTarget, EnumerationOptions enumerationOptions)
         at System.IO.DirectoryInfo.EnumerateFileSystemInfos(String searchPattern, SearchOption searchOption)
         at Microsoft.AspNetCore.DataProtection.Repositories.FileSystemXmlRepository.GetAllElementsCore()+MoveNext()
         at System.Collections.Generic.List`1..ctor(IEnumerable`1 collection)
         at System.Linq.Enumerable.ToList[TSource](IEnumerable`1 source)
         at Microsoft.AspNetCore.DataProtection.Repositories.FileSystemXmlRepository.GetAllElements()
         at Microsoft.AspNetCore.DataProtection.KeyManagement.XmlKeyManager.GetAllKeys()
         at Microsoft.AspNetCore.DataProtection.KeyManagement.KeyRingProvider.CreateCacheableKeyRingCore(DateTimeOffset now, IKey keyJustAdded)
         at Microsoft.AspNetCore.DataProtection.KeyManagement.KeyRingProvider.GetCurrentKeyRingCoreNew(DateTime utcNow, Boolean forceRefresh)
info: Microsoft.Hosting.Lifetime[14]
      Now listening on: http://localhost:5293
info: Microsoft.Hosting.Lifetime[0]
      Application started. Press Ctrl+C to shut down.
info: Microsoft.Hosting.Lifetime[0]
      Hosting environment: Development
info: Microsoft.Hosting.Lifetime[0]
      Content root path: E:\Nestify\src\Nestify.Api
fail: Microsoft.AspNetCore.Diagnostics.DeveloperExceptionPageMiddleware[1]
      An unhandled exception has occurred while executing the request.
      Npgsql.PostgresException (0x80004005): 42703: column p.gender does not exist
      
      POSITION: 336
         at Npgsql.Internal.NpgsqlConnector.ReadMessageLong(Boolean async, DataRowLoadingMode dataRowLoadingMode, Boolean readingNotifications, Boolean isReadingPrependedMessage)
         at System.Runtime.CompilerServices.PoolingAsyncValueTaskMethodBuilder`1.StateMachineBox`1.System.Threading.Tasks.Sources.IValueTaskSource<TResult>.GetResult(Int16 token)
         at Npgsql.NpgsqlDataReader.NextResult(Boolean async, Boolean isConsuming, CancellationToken cancellationToken)
         at Npgsql.NpgsqlDataReader.NextResult(Boolean async, Boolean isConsuming, CancellationToken cancellationToken)
         at Npgsql.NpgsqlCommand.ExecuteReader(Boolean async, CommandBehavior behavior, CancellationToken cancellationToken)
         at Npgsql.NpgsqlCommand.ExecuteReader(Boolean async, CommandBehavior behavior, CancellationToken cancellationToken)
         at Npgsql.NpgsqlCommand.ExecuteDbDataReaderAsync(CommandBehavior behavior, CancellationToken cancellationToken)
         at Dapper.SqlMapper.QueryRowAsync[T](IDbConnection cnn, Row row, Type effectiveType, CommandDefinition command) in /_/Dapper/SqlMapper.Async.cs:line 489
         at Nestify.Api.Profiles.UserProfileService.ReadAsync(IDbConnection connection, IDbTransaction transaction, Int64 userId) in E:\Nestify\src\Nestify.Api\Profiles\UserProfileService.cs:line 129
         at Nestify.Api.Profiles.UserProfileService.GetAsync(Int64 userId) in E:\Nestify\src\Nestify.Api\Profiles\UserProfileService.cs:line 26
         at Nestify.Api.Controllers.UserProfileController.GetMyProfile() in E:\Nestify\src\Nestify.Api\Controllers\UserProfileController.cs:line 32
         at lambda_method45(Closure, Object)
         at Microsoft.AspNetCore.Mvc.Infrastructure.ActionMethodExecutor.AwaitableObjectResultExecutor.Execute(ActionContext actionContext, IActionResultTypeMapper mapper, ObjectMethodExecutor executor, Object controller, Object[] arguments)
         at Microsoft.AspNetCore.Mvc.Infrastructure.ControllerActionInvoker.<InvokeActionMethodAsync>g__Awaited|12_0(ControllerActionInvoker invoker, ValueTask`1 actionResultValueTask)
         at Microsoft.AspNetCore.Mvc.Infrastructure.ControllerActionInvoker.<InvokeNextActionFilterAsync>g__Awaited|10_0(ControllerActionInvoker invoker, Task lastTask, State next, Scope scope, Object state, Boolean isCompleted)
         at Microsoft.AspNetCore.Mvc.Infrastructure.ControllerActionInvoker.Rethrow(ActionExecutedContextSealed context)
         at Microsoft.AspNetCore.Mvc.Infrastructure.ControllerActionInvoker.Next(State& next, Scope& scope, Object& state, Boolean& isCompleted)
         at Microsoft.AspNetCore.Mvc.Infrastructure.ControllerActionInvoker.<InvokeInnerFilterAsync>g__Awaited|13_0(ControllerActionInvoker invoker, Task lastTask, State next, Scope scope, Object state, Boolean isCompleted)
         at Microsoft.AspNetCore.Mvc.Infrastructure.ResourceInvoker.<InvokeFilterPipelineAsync>g__Awaited|20_0(ResourceInvoker invoker, Task lastTask, State next, Scope scope, Object state, Boolean isCompleted)
         at Microsoft.AspNetCore.Mvc.Infrastructure.ResourceInvoker.<InvokeAsync>g__Awaited|17_0(ResourceInvoker invoker, Task task, IDisposable scope)
         at Microsoft.AspNetCore.Mvc.Infrastructure.ResourceInvoker.<InvokeAsync>g__Awaited|17_0(ResourceInvoker invoker, Task task, IDisposable scope)
         at Microsoft.AspNetCore.Authorization.AuthorizationMiddleware.Invoke(HttpContext context)
         at Microsoft.AspNetCore.Authentication.AuthenticationMiddleware.Invoke(HttpContext context)
         at Microsoft.AspNetCore.Diagnostics.DeveloperExceptionPageMiddlewareImpl.Invoke(HttpContext context)
        Exception data:
          Severity: ERROR
          SqlState: 42703
          MessageText: column p.gender does not exist
          Position: 336
          File: parse_relation.c
          Line: 3859
          Routine: errorMissingColumn
fail: Microsoft.AspNetCore.Server.Kestrel[13]
      Connection id "0HNOM8OGS65KJ", Request id "0HNOM8OGS65KJ:00000004": An unhandled exception was thrown by the application.
      System.AggregateException: An error occurred while writing to logger(s). (Cannot open log for source '.NET Runtime'. You may not have write access.)
       ---> System.InvalidOperationException: Cannot open log for source '.NET Runtime'. You may not have write access.
       ---> System.ComponentModel.Win32Exception (5): Access is denied.
         --- End of inner exception stack trace ---
         at System.Diagnostics.EventLogInternal.OpenForWrite(String currentMachineName)
         at System.Diagnostics.EventLogInternal.InternalWriteEvent(UInt32 eventID, UInt16 category, EventLogEntryType type, String[] strings, Byte[] rawData, String currentMachineName)
         at System.Diagnostics.EventLogInternal.WriteEvent(EventInstance instance, Byte[] data, Object[] values)
         at Microsoft.Extensions.Logging.EventLog.WindowsEventLog.WriteEntry(String message, EventLogEntryType type, Int32 eventID, Int16 category)
         at Microsoft.Extensions.Logging.EventLog.EventLogLogger.WriteMessage(String message, EventLogEntryType eventLogEntryType, Int32 eventId)
         at Microsoft.Extensions.Logging.EventLog.EventLogLogger.Log[TState](LogLevel logLevel, EventId eventId, TState state, Exception exception, Func`3 formatter)
         at Microsoft.Extensions.Logging.Logger.<Log>g__LoggerLog|14_0[TState](LogLevel logLevel, EventId eventId, ILogger logger, Exception exception, Func`3 formatter, List`1& exceptions, TState& state)
         --- End of inner exception stack trace ---
         at Microsoft.Extensions.Logging.Logger.ThrowLoggingError(List`1 exceptions)
         at Microsoft.Extensions.Logging.Logger.Log[TState](LogLevel logLevel, EventId eventId, TState state, Exception exception, Func`3 formatter)
         at Microsoft.Extensions.Logging.Logger`1.Microsoft.Extensions.Logging.ILogger.Log[TState](LogLevel logLevel, EventId eventId, TState state, Exception exception, Func`3 formatter)
         at Microsoft.Extensions.Logging.LoggerMessage.<>c__DisplayClass8_0.<Define>g__Log|0(ILogger logger, Exception exception)
         at Microsoft.AspNetCore.Diagnostics.DiagnosticsTelemetry.ReportUnhandledException(ILogger logger, HttpContext context, Exception ex)
         at Microsoft.AspNetCore.Diagnostics.DeveloperExceptionPageMiddlewareImpl.Invoke(HttpContext context)
         at Microsoft.AspNetCore.Server.Kestrel.Core.Internal.Http.HttpProtocol.ProcessRequests[TContext](IHttpApplication`1 application)
warn: Microsoft.AspNetCore.Server.Kestrel[0]
      Connection processing ended abnormally.
      System.AggregateException: An error occurred while writing to logger(s). (Cannot open log for source '.NET Runtime'. You may not have write access.)
       ---> System.InvalidOperationException: Cannot open log for source '.NET Runtime'. You may not have write access.
       ---> System.ComponentModel.Win32Exception (5): Access is denied.
         --- End of inner exception stack trace ---
         at System.Diagnostics.EventLogInternal.OpenForWrite(String currentMachineName)
         at System.Diagnostics.EventLogInternal.InternalWriteEvent(UInt32 eventID, UInt16 category, EventLogEntryType type, String[] strings, Byte[] rawData, String currentMachineName)
         at System.Diagnostics.EventLogInternal.WriteEvent(EventInstance instance, Byte[] data, Object[] values)
         at Microsoft.Extensions.Logging.EventLog.WindowsEventLog.WriteEntry(String message, EventLogEntryType type, Int32 eventID, Int16 category)
         at Microsoft.Extensions.Logging.EventLog.EventLogLogger.WriteMessage(String message, EventLogEntryType eventLogEntryType, Int32 eventId)
         at Microsoft.Extensions.Logging.EventLog.EventLogLogger.Log[TState](LogLevel logLevel, EventId eventId, TState state, Exception exception, Func`3 formatter)
         at Microsoft.Extensions.Logging.Logger.<Log>g__LoggerLog|14_0[TState](LogLevel logLevel, EventId eventId, ILogger logger, Exception exception, Func`3 formatter, List`1& exceptions, TState& state)
         --- End of inner exception stack trace ---
         at Microsoft.Extensions.Logging.Logger.ThrowLoggingError(List`1 exceptions)
         at Microsoft.Extensions.Logging.Logger.Log[TState](LogLevel logLevel, EventId eventId, TState state, Exception exception, Func`3 formatter)
         at Microsoft.Extensions.Logging.LoggerMessage.<>c__DisplayClass12_0`2.<Define>g__Log|0(ILogger logger, T1 arg1, T2 arg2, Exception exception)
         at Microsoft.AspNetCore.Server.Kestrel.Core.Internal.Infrastructure.KestrelTrace.GeneralLog.ApplicationError(ILogger logger, String connectionId, String traceIdentifier, Exception ex)
         at Microsoft.AspNetCore.Server.Kestrel.Core.Internal.Http.HttpProtocol.ProcessRequests[TContext](IHttpApplication`1 application)
         at Microsoft.AspNetCore.Server.Kestrel.Core.Internal.Http.HttpProtocol.ProcessRequestsAsync[TContext](IHttpApplication`1 application)
crit: Microsoft.AspNetCore.Server.Kestrel[0]
      Unexpected exception in HttpConnection.ProcessRequestsAsync.
      System.AggregateException: An error occurred while writing to logger(s). (Cannot open log for source '.NET Runtime'. You may not have write access.)
       ---> System.InvalidOperationException: Cannot open log for source '.NET Runtime'. You may not have write access.
       ---> System.ComponentModel.Win32Exception (5): Access is denied.
         --- End of inner exception stack trace ---
         at System.Diagnostics.EventLogInternal.OpenForWrite(String currentMachineName)
         at System.Diagnostics.EventLogInternal.InternalWriteEvent(UInt32 eventID, UInt16 category, EventLogEntryType type, String[] strings, Byte[] rawData, String currentMachineName)
         at System.Diagnostics.EventLogInternal.WriteEvent(EventInstance instance, Byte[] data, Object[] values)
         at Microsoft.Extensions.Logging.EventLog.WindowsEventLog.WriteEntry(String message, EventLogEntryType type, Int32 eventID, Int16 category)
         at Microsoft.Extensions.Logging.EventLog.EventLogLogger.WriteMessage(String message, EventLogEntryType eventLogEntryType, Int32 eventId)
         at Microsoft.Extensions.Logging.EventLog.EventLogLogger.Log[TState](LogLevel logLevel, EventId eventId, TState state, Exception exception, Func`3 formatter)
         at Microsoft.Extensions.Logging.Logger.<Log>g__LoggerLog|14_0[TState](LogLevel logLevel, EventId eventId, ILogger logger, Exception exception, Func`3 formatter, List`1& exceptions, TState& state)
         --- End of inner exception stack trace ---
         at Microsoft.Extensions.Logging.Logger.ThrowLoggingError(List`1 exceptions)
         at Microsoft.Extensions.Logging.Logger.Log[TState](LogLevel logLevel, EventId eventId, TState state, Exception exception, Func`3 formatter)
         at Microsoft.AspNetCore.Server.Kestrel.Core.Internal.Infrastructure.KestrelTrace.Log[TState](LogLevel logLevel, EventId eventId, TState state, Exception exception, Func`3 formatter)
         at Microsoft.Extensions.Logging.LoggerExtensions.Log(ILogger logger, LogLevel logLevel, EventId eventId, Exception exception, String message, Object[] args)
         at Microsoft.Extensions.Logging.LoggerExtensions.LogWarning(ILogger logger, EventId eventId, Exception exception, String message, Object[] args)
         at Microsoft.AspNetCore.Server.Kestrel.Core.Internal.Http.HttpProtocol.ProcessRequestsAsync[TContext](IHttpApplication`1 application)
         at Microsoft.AspNetCore.Server.Kestrel.Core.Internal.Http.HttpProtocol.ProcessRequestsAsync[TContext](IHttpApplication`1 application)
         at Microsoft.AspNetCore.Server.Kestrel.Core.Internal.HttpConnection.ProcessRequestsAsync[TContext](IHttpApplication`1 httpApplication)
fail: Microsoft.AspNetCore.Server.Kestrel[0]
      Unhandled exception while processing 0HNOM8OGS65KJ.
      System.AggregateException: An error occurred while writing to logger(s). (Cannot open log for source '.NET Runtime'. You may not have write access.)
       ---> System.InvalidOperationException: Cannot open log for source '.NET Runtime'. You may not have write access.
       ---> System.ComponentModel.Win32Exception (5): Access is denied.
         --- End of inner exception stack trace ---
         at System.Diagnostics.EventLogInternal.OpenForWrite(String currentMachineName)
         at System.Diagnostics.EventLogInternal.InternalWriteEvent(UInt32 eventID, UInt16 category, EventLogEntryType type, String[] strings, Byte[] rawData, String currentMachineName)
         at System.Diagnostics.EventLogInternal.WriteEvent(EventInstance instance, Byte[] data, Object[] values)
         at Microsoft.Extensions.Logging.EventLog.WindowsEventLog.WriteEntry(String message, EventLogEntryType type, Int32 eventID, Int16 category)
         at Microsoft.Extensions.Logging.EventLog.EventLogLogger.WriteMessage(String message, EventLogEntryType eventLogEntryType, Int32 eventId)
         at Microsoft.Extensions.Logging.EventLog.EventLogLogger.Log[TState](LogLevel logLevel, EventId eventId, TState state, Exception exception, Func`3 formatter)
         at Microsoft.Extensions.Logging.Logger.<Log>g__LoggerLog|14_0[TState](LogLevel logLevel, EventId eventId, ILogger logger, Exception exception, Func`3 formatter, List`1& exceptions, TState& state)
         --- End of inner exception stack trace ---
         at Microsoft.Extensions.Logging.Logger.ThrowLoggingError(List`1 exceptions)
         at Microsoft.Extensions.Logging.Logger.Log[TState](LogLevel logLevel, EventId eventId, TState state, Exception exception, Func`3 formatter)
         at Microsoft.AspNetCore.Server.Kestrel.Core.Internal.Infrastructure.KestrelTrace.Log[TState](LogLevel logLevel, EventId eventId, TState state, Exception exception, Func`3 formatter)
         at Microsoft.Extensions.Logging.LoggerExtensions.Log(ILogger logger, LogLevel logLevel, EventId eventId, Exception exception, String message, Object[] args)
         at Microsoft.Extensions.Logging.LoggerExtensions.LogCritical(ILogger logger, EventId eventId, Exception exception, String message, Object[] args)
         at Microsoft.AspNetCore.Server.Kestrel.Core.Internal.HttpConnection.ProcessRequestsAsync[TContext](IHttpApplication`1 httpApplication)
         at Microsoft.AspNetCore.Server.Kestrel.Core.Internal.Infrastructure.KestrelConnection`1.ExecuteAsync()
fail: Microsoft.AspNetCore.Diagnostics.DeveloperExceptionPageMiddleware[1]
      An unhandled exception has occurred while executing the request.
      Npgsql.PostgresException (0x80004005): 42703: column p.gender does not exist
      
      POSITION: 336
         at Npgsql.Internal.NpgsqlConnector.ReadMessageLong(Boolean async, DataRowLoadingMode dataRowLoadingMode, Boolean readingNotifications, Boolean isReadingPrependedMessage)
         at System.Runtime.CompilerServices.PoolingAsyncValueTaskMethodBuilder`1.StateMachineBox`1.System.Threading.Tasks.Sources.IValueTaskSource<TResult>.GetResult(Int16 token)
         at Npgsql.NpgsqlDataReader.NextResult(Boolean async, Boolean isConsuming, CancellationToken cancellationToken)
         at Npgsql.NpgsqlDataReader.NextResult(Boolean async, Boolean isConsuming, CancellationToken cancellationToken)
         at Npgsql.NpgsqlCommand.ExecuteReader(Boolean async, CommandBehavior behavior, CancellationToken cancellationToken)
         at Npgsql.NpgsqlCommand.ExecuteReader(Boolean async, CommandBehavior behavior, CancellationToken cancellationToken)
         at Npgsql.NpgsqlCommand.ExecuteDbDataReaderAsync(CommandBehavior behavior, CancellationToken cancellationToken)
         at Dapper.SqlMapper.QueryRowAsync[T](IDbConnection cnn, Row row, Type effectiveType, CommandDefinition command) in /_/Dapper/SqlMapper.Async.cs:line 489
         at Nestify.Api.Profiles.UserProfileService.ReadAsync(IDbConnection connection, IDbTransaction transaction, Int64 userId) in E:\Nestify\src\Nestify.Api\Profiles\UserProfileService.cs:line 129
         at Nestify.Api.Profiles.UserProfileService.GetAsync(Int64 userId) in E:\Nestify\src\Nestify.Api\Profiles\UserProfileService.cs:line 26
         at Nestify.Api.Controllers.UserProfileController.GetMyProfile() in E:\Nestify\src\Nestify.Api\Controllers\UserProfileController.cs:line 32
         at lambda_method45(Closure, Object)
         at Microsoft.AspNetCore.Mvc.Infrastructure.ActionMethodExecutor.AwaitableObjectResultExecutor.Execute(ActionContext actionContext, IActionResultTypeMapper mapper, ObjectMethodExecutor executor, Object controller, Object[] arguments)
         at Microsoft.AspNetCore.Mvc.Infrastructure.ControllerActionInvoker.<InvokeActionMethodAsync>g__Awaited|12_0(ControllerActionInvoker invoker, ValueTask`1 actionResultValueTask)
         at Microsoft.AspNetCore.Mvc.Infrastructure.ControllerActionInvoker.<InvokeNextActionFilterAsync>g__Awaited|10_0(ControllerActionInvoker invoker, Task lastTask, State next, Scope scope, Object state, Boolean isCompleted)
         at Microsoft.AspNetCore.Mvc.Infrastructure.ControllerActionInvoker.Rethrow(ActionExecutedContextSealed context)
         at Microsoft.AspNetCore.Mvc.Infrastructure.ControllerActionInvoker.Next(State& next, Scope& scope, Object& state, Boolean& isCompleted)
         at Microsoft.AspNetCore.Mvc.Infrastructure.ControllerActionInvoker.<InvokeInnerFilterAsync>g__Awaited|13_0(ControllerActionInvoker invoker, Task lastTask, State next, Scope scope, Object state, Boolean isCompleted)
         at Microsoft.AspNetCore.Mvc.Infrastructure.ResourceInvoker.<InvokeFilterPipelineAsync>g__Awaited|20_0(ResourceInvoker invoker, Task lastTask, State next, Scope scope, Object state, Boolean isCompleted)
         at Microsoft.AspNetCore.Mvc.Infrastructure.ResourceInvoker.<InvokeAsync>g__Awaited|17_0(ResourceInvoker invoker, Task task, IDisposable scope)
         at Microsoft.AspNetCore.Mvc.Infrastructure.ResourceInvoker.<InvokeAsync>g__Awaited|17_0(ResourceInvoker invoker, Task task, IDisposable scope)
         at Microsoft.AspNetCore.Authorization.AuthorizationMiddleware.Invoke(HttpContext context)
         at Microsoft.AspNetCore.Authentication.AuthenticationMiddleware.Invoke(HttpContext context)
         at Microsoft.AspNetCore.Diagnostics.DeveloperExceptionPageMiddlewareImpl.Invoke(HttpContext context)
        Exception data:
          Severity: ERROR
          SqlState: 42703
          MessageText: column p.gender does not exist
          Position: 336
          File: parse_relation.c
          Line: 3859
          Routine: errorMissingColumn
fail: Microsoft.AspNetCore.Server.Kestrel[13]
      Connection id "0HNOM8OGS65KK", Request id "0HNOM8OGS65KK:00000002": An unhandled exception was thrown by the application.
      System.AggregateException: An error occurred while writing to logger(s). (Cannot open log for source '.NET Runtime'. You may not have write access.)
       ---> System.InvalidOperationException: Cannot open log for source '.NET Runtime'. You may not have write access.
       ---> System.ComponentModel.Win32Exception (5): Access is denied.
         --- End of inner exception stack trace ---
         at System.Diagnostics.EventLogInternal.OpenForWrite(String currentMachineName)
         at System.Diagnostics.EventLogInternal.InternalWriteEvent(UInt32 eventID, UInt16 category, EventLogEntryType type, String[] strings, Byte[] rawData, String currentMachineName)
         at System.Diagnostics.EventLogInternal.WriteEvent(EventInstance instance, Byte[] data, Object[] values)
         at Microsoft.Extensions.Logging.EventLog.WindowsEventLog.WriteEntry(String message, EventLogEntryType type, Int32 eventID, Int16 category)
         at Microsoft.Extensions.Logging.EventLog.EventLogLogger.WriteMessage(String message, EventLogEntryType eventLogEntryType, Int32 eventId)
         at Microsoft.Extensions.Logging.EventLog.EventLogLogger.Log[TState](LogLevel logLevel, EventId eventId, TState state, Exception exception, Func`3 formatter)
         at Microsoft.Extensions.Logging.Logger.<Log>g__LoggerLog|14_0[TState](LogLevel logLevel, EventId eventId, ILogger logger, Exception exception, Func`3 formatter, List`1& exceptions, TState& state)
         --- End of inner exception stack trace ---
         at Microsoft.Extensions.Logging.Logger.ThrowLoggingError(List`1 exceptions)
         at Microsoft.Extensions.Logging.Logger.Log[TState](LogLevel logLevel, EventId eventId, TState state, Exception exception, Func`3 formatter)
         at Microsoft.Extensions.Logging.Logger`1.Microsoft.Extensions.Logging.ILogger.Log[TState](LogLevel logLevel, EventId eventId, TState state, Exception exception, Func`3 formatter)
         at Microsoft.Extensions.Logging.LoggerMessage.<>c__DisplayClass8_0.<Define>g__Log|0(ILogger logger, Exception exception)
         at Microsoft.AspNetCore.Diagnostics.DiagnosticsTelemetry.ReportUnhandledException(ILogger logger, HttpContext context, Exception ex)
         at Microsoft.AspNetCore.Diagnostics.DeveloperExceptionPageMiddlewareImpl.Invoke(HttpContext context)
         at Microsoft.AspNetCore.Server.Kestrel.Core.Internal.Http.HttpProtocol.ProcessRequests[TContext](IHttpApplication`1 application)
warn: Microsoft.AspNetCore.Server.Kestrel[0]
      Connection processing ended abnormally.
      System.AggregateException: An error occurred while writing to logger(s). (Cannot open log for source '.NET Runtime'. You may not have write access.)
       ---> System.InvalidOperationException: Cannot open log for source '.NET Runtime'. You may not have write access.
       ---> System.ComponentModel.Win32Exception (5): Access is denied.
         --- End of inner exception stack trace ---
         at System.Diagnostics.EventLogInternal.OpenForWrite(String currentMachineName)
         at System.Diagnostics.EventLogInternal.InternalWriteEvent(UInt32 eventID, UInt16 category, EventLogEntryType type, String[] strings, Byte[] rawData, String currentMachineName)
         at System.Diagnostics.EventLogInternal.WriteEvent(EventInstance instance, Byte[] data, Object[] values)
         at Microsoft.Extensions.Logging.EventLog.WindowsEventLog.WriteEntry(String message, EventLogEntryType type, Int32 eventID, Int16 category)
         at Microsoft.Extensions.Logging.EventLog.EventLogLogger.WriteMessage(String message, EventLogEntryType eventLogEntryType, Int32 eventId)
         at Microsoft.Extensions.Logging.EventLog.EventLogLogger.Log[TState](LogLevel logLevel, EventId eventId, TState state, Exception exception, Func`3 formatter)
         at Microsoft.Extensions.Logging.Logger.<Log>g__LoggerLog|14_0[TState](LogLevel logLevel, EventId eventId, ILogger logger, Exception exception, Func`3 formatter, List`1& exceptions, TState& state)
         --- End of inner exception stack trace ---
         at Microsoft.Extensions.Logging.Logger.ThrowLoggingError(List`1 exceptions)
         at Microsoft.Extensions.Logging.Logger.Log[TState](LogLevel logLevel, EventId eventId, TState state, Exception exception, Func`3 formatter)
         at Microsoft.Extensions.Logging.LoggerMessage.<>c__DisplayClass12_0`2.<Define>g__Log|0(ILogger logger, T1 arg1, T2 arg2, Exception exception)
         at Microsoft.AspNetCore.Server.Kestrel.Core.Internal.Infrastructure.KestrelTrace.GeneralLog.ApplicationError(ILogger logger, String connectionId, String traceIdentifier, Exception ex)
         at Microsoft.AspNetCore.Server.Kestrel.Core.Internal.Http.HttpProtocol.ProcessRequests[TContext](IHttpApplication`1 application)
         at Microsoft.AspNetCore.Server.Kestrel.Core.Internal.Http.HttpProtocol.ProcessRequestsAsync[TContext](IHttpApplication`1 application)
crit: Microsoft.AspNetCore.Server.Kestrel[0]
      Unexpected exception in HttpConnection.ProcessRequestsAsync.
      System.AggregateException: An error occurred while writing to logger(s). (Cannot open log for source '.NET Runtime'. You may not have write access.)
       ---> System.InvalidOperationException: Cannot open log for source '.NET Runtime'. You may not have write access.
       ---> System.ComponentModel.Win32Exception (5): Access is denied.
         --- End of inner exception stack trace ---
         at System.Diagnostics.EventLogInternal.OpenForWrite(String currentMachineName)
         at System.Diagnostics.EventLogInternal.InternalWriteEvent(UInt32 eventID, UInt16 category, EventLogEntryType type, String[] strings, Byte[] rawData, String currentMachineName)
         at System.Diagnostics.EventLogInternal.WriteEvent(EventInstance instance, Byte[] data, Object[] values)
         at Microsoft.Extensions.Logging.EventLog.WindowsEventLog.WriteEntry(String message, EventLogEntryType type, Int32 eventID, Int16 category)
         at Microsoft.Extensions.Logging.EventLog.EventLogLogger.WriteMessage(String message, EventLogEntryType eventLogEntryType, Int32 eventId)
         at Microsoft.Extensions.Logging.EventLog.EventLogLogger.Log[TState](LogLevel logLevel, EventId eventId, TState state, Exception exception, Func`3 formatter)
         at Microsoft.Extensions.Logging.Logger.<Log>g__LoggerLog|14_0[TState](LogLevel logLevel, EventId eventId, ILogger logger, Exception exception, Func`3 formatter, List`1& exceptions, TState& state)
         --- End of inner exception stack trace ---
         at Microsoft.Extensions.Logging.Logger.ThrowLoggingError(List`1 exceptions)
         at Microsoft.Extensions.Logging.Logger.Log[TState](LogLevel logLevel, EventId eventId, TState state, Exception exception, Func`3 formatter)
         at Microsoft.AspNetCore.Server.Kestrel.Core.Internal.Infrastructure.KestrelTrace.Log[TState](LogLevel logLevel, EventId eventId, TState state, Exception exception, Func`3 formatter)
         at Microsoft.Extensions.Logging.LoggerExtensions.Log(ILogger logger, LogLevel logLevel, EventId eventId, Exception exception, String message, Object[] args)
         at Microsoft.Extensions.Logging.LoggerExtensions.LogWarning(ILogger logger, EventId eventId, Exception exception, String message, Object[] args)
         at Microsoft.AspNetCore.Server.Kestrel.Core.Internal.Http.HttpProtocol.ProcessRequestsAsync[TContext](IHttpApplication`1 application)
         at Microsoft.AspNetCore.Server.Kestrel.Core.Internal.Http.HttpProtocol.ProcessRequestsAsync[TContext](IHttpApplication`1 application)
         at Microsoft.AspNetCore.Server.Kestrel.Core.Internal.HttpConnection.ProcessRequestsAsync[TContext](IHttpApplication`1 httpApplication)
fail: Microsoft.AspNetCore.Server.Kestrel[0]
      Unhandled exception while processing 0HNOM8OGS65KK.
      System.AggregateException: An error occurred while writing to logger(s). (Cannot open log for source '.NET Runtime'. You may not have write access.)
       ---> System.InvalidOperationException: Cannot open log for source '.NET Runtime'. You may not have write access.
       ---> System.ComponentModel.Win32Exception (5): Access is denied.
         --- End of inner exception stack trace ---
         at System.Diagnostics.EventLogInternal.OpenForWrite(String currentMachineName)
         at System.Diagnostics.EventLogInternal.InternalWriteEvent(UInt32 eventID, UInt16 category, EventLogEntryType type, String[] strings, Byte[] rawData, String currentMachineName)
         at System.Diagnostics.EventLogInternal.WriteEvent(EventInstance instance, Byte[] data, Object[] values)
         at Microsoft.Extensions.Logging.EventLog.WindowsEventLog.WriteEntry(String message, EventLogEntryType type, Int32 eventID, Int16 category)
         at Microsoft.Extensions.Logging.EventLog.EventLogLogger.WriteMessage(String message, EventLogEntryType eventLogEntryType, Int32 eventId)
         at Microsoft.Extensions.Logging.EventLog.EventLogLogger.Log[TState](LogLevel logLevel, EventId eventId, TState state, Exception exception, Func`3 formatter)
         at Microsoft.Extensions.Logging.Logger.<Log>g__LoggerLog|14_0[TState](LogLevel logLevel, EventId eventId, ILogger logger, Exception exception, Func`3 formatter, List`1& exceptions, TState& state)
         --- End of inner exception stack trace ---
         at Microsoft.Extensions.Logging.Logger.ThrowLoggingError(List`1 exceptions)
         at Microsoft.Extensions.Logging.Logger.Log[TState](LogLevel logLevel, EventId eventId, TState state, Exception exception, Func`3 formatter)
         at Microsoft.AspNetCore.Server.Kestrel.Core.Internal.Infrastructure.KestrelTrace.Log[TState](LogLevel logLevel, EventId eventId, TState state, Exception exception, Func`3 formatter)
         at Microsoft.Extensions.Logging.LoggerExtensions.Log(ILogger logger, LogLevel logLevel, EventId eventId, Exception exception, String message, Object[] args)
         at Microsoft.Extensions.Logging.LoggerExtensions.LogCritical(ILogger logger, EventId eventId, Exception exception, String message, Object[] args)
         at Microsoft.AspNetCore.Server.Kestrel.Core.Internal.HttpConnection.ProcessRequestsAsync[TContext](IHttpApplication`1 httpApplication)
         at Microsoft.AspNetCore.Server.Kestrel.Core.Internal.Infrastructure.KestrelConnection`1.ExecuteAsync()
fail: Microsoft.AspNetCore.Diagnostics.DeveloperExceptionPageMiddleware[1]
      An unhandled exception has occurred while executing the request.
      Npgsql.PostgresException (0x80004005): 42703: column p.gender does not exist
      
      POSITION: 336
         at Npgsql.Internal.NpgsqlConnector.ReadMessageLong(Boolean async, DataRowLoadingMode dataRowLoadingMode, Boolean readingNotifications, Boolean isReadingPrependedMessage)
         at System.Runtime.CompilerServices.PoolingAsyncValueTaskMethodBuilder`1.StateMachineBox`1.System.Threading.Tasks.Sources.IValueTaskSource<TResult>.GetResult(Int16 token)
         at Npgsql.NpgsqlDataReader.NextResult(Boolean async, Boolean isConsuming, CancellationToken cancellationToken)
         at Npgsql.NpgsqlDataReader.NextResult(Boolean async, Boolean isConsuming, CancellationToken cancellationToken)
         at Npgsql.NpgsqlCommand.ExecuteReader(Boolean async, CommandBehavior behavior, CancellationToken cancellationToken)
         at Npgsql.NpgsqlCommand.ExecuteReader(Boolean async, CommandBehavior behavior, CancellationToken cancellationToken)
         at Npgsql.NpgsqlCommand.ExecuteDbDataReaderAsync(CommandBehavior behavior, CancellationToken cancellationToken)
         at Dapper.SqlMapper.QueryRowAsync[T](IDbConnection cnn, Row row, Type effectiveType, CommandDefinition command) in /_/Dapper/SqlMapper.Async.cs:line 489
         at Nestify.Api.Profiles.UserProfileService.ReadAsync(IDbConnection connection, IDbTransaction transaction, Int64 userId) in E:\Nestify\src\Nestify.Api\Profiles\UserProfileService.cs:line 129
         at Nestify.Api.Profiles.UserProfileService.GetAsync(Int64 userId) in E:\Nestify\src\Nestify.Api\Profiles\UserProfileService.cs:line 26
         at Nestify.Api.Controllers.UserProfileController.GetMyProfile() in E:\Nestify\src\Nestify.Api\Controllers\UserProfileController.cs:line 32
         at lambda_method45(Closure, Object)
         at Microsoft.AspNetCore.Mvc.Infrastructure.ActionMethodExecutor.AwaitableObjectResultExecutor.Execute(ActionContext actionContext, IActionResultTypeMapper mapper, ObjectMethodExecutor executor, Object controller, Object[] arguments)
         at Microsoft.AspNetCore.Mvc.Infrastructure.ControllerActionInvoker.<InvokeActionMethodAsync>g__Awaited|12_0(ControllerActionInvoker invoker, ValueTask`1 actionResultValueTask)
         at Microsoft.AspNetCore.Mvc.Infrastructure.ControllerActionInvoker.<InvokeNextActionFilterAsync>g__Awaited|10_0(ControllerActionInvoker invoker, Task lastTask, State next, Scope scope, Object state, Boolean isCompleted)
         at Microsoft.AspNetCore.Mvc.Infrastructure.ControllerActionInvoker.Rethrow(ActionExecutedContextSealed context)
         at Microsoft.AspNetCore.Mvc.Infrastructure.ControllerActionInvoker.Next(State& next, Scope& scope, Object& state, Boolean& isCompleted)
         at Microsoft.AspNetCore.Mvc.Infrastructure.ControllerActionInvoker.<InvokeInnerFilterAsync>g__Awaited|13_0(ControllerActionInvoker invoker, Task lastTask, State next, Scope scope, Object state, Boolean isCompleted)
         at Microsoft.AspNetCore.Mvc.Infrastructure.ResourceInvoker.<InvokeFilterPipelineAsync>g__Awaited|20_0(ResourceInvoker invoker, Task lastTask, State next, Scope scope, Object state, Boolean isCompleted)
         at Microsoft.AspNetCore.Mvc.Infrastructure.ResourceInvoker.<InvokeAsync>g__Awaited|17_0(ResourceInvoker invoker, Task task, IDisposable scope)
         at Microsoft.AspNetCore.Mvc.Infrastructure.ResourceInvoker.<InvokeAsync>g__Awaited|17_0(ResourceInvoker invoker, Task task, IDisposable scope)
         at Microsoft.AspNetCore.Authorization.AuthorizationMiddleware.Invoke(HttpContext context)
         at Microsoft.AspNetCore.Authentication.AuthenticationMiddleware.Invoke(HttpContext context)
         at Microsoft.AspNetCore.Diagnostics.DeveloperExceptionPageMiddlewareImpl.Invoke(HttpContext context)
        Exception data:
          Severity: ERROR
          SqlState: 42703
          MessageText: column p.gender does not exist
          Position: 336
          File: parse_relation.c
          Line: 3859
          Routine: errorMissingColumn
fail: Microsoft.AspNetCore.Server.Kestrel[13]
      Connection id "0HNOM8OGS65KL", Request id "0HNOM8OGS65KL:00000002": An unhandled exception was thrown by the application.
      System.AggregateException: An error occurred while writing to logger(s). (Cannot open log for source '.NET Runtime'. You may not have write access.)
       ---> System.InvalidOperationException: Cannot open log for source '.NET Runtime'. You may not have write access.
       ---> System.ComponentModel.Win32Exception (5): Access is denied.
         --- End of inner exception stack trace ---
         at System.Diagnostics.EventLogInternal.OpenForWrite(String currentMachineName)
         at System.Diagnostics.EventLogInternal.InternalWriteEvent(UInt32 eventID, UInt16 category, EventLogEntryType type, String[] strings, Byte[] rawData, String currentMachineName)
         at System.Diagnostics.EventLogInternal.WriteEvent(EventInstance instance, Byte[] data, Object[] values)
         at Microsoft.Extensions.Logging.EventLog.WindowsEventLog.WriteEntry(String message, EventLogEntryType type, Int32 eventID, Int16 category)
         at Microsoft.Extensions.Logging.EventLog.EventLogLogger.WriteMessage(String message, EventLogEntryType eventLogEntryType, Int32 eventId)
         at Microsoft.Extensions.Logging.EventLog.EventLogLogger.Log[TState](LogLevel logLevel, EventId eventId, TState state, Exception exception, Func`3 formatter)
         at Microsoft.Extensions.Logging.Logger.<Log>g__LoggerLog|14_0[TState](LogLevel logLevel, EventId eventId, ILogger logger, Exception exception, Func`3 formatter, List`1& exceptions, TState& state)
         --- End of inner exception stack trace ---
         at Microsoft.Extensions.Logging.Logger.ThrowLoggingError(List`1 exceptions)
         at Microsoft.Extensions.Logging.Logger.Log[TState](LogLevel logLevel, EventId eventId, TState state, Exception exception, Func`3 formatter)
         at Microsoft.Extensions.Logging.Logger`1.Microsoft.Extensions.Logging.ILogger.Log[TState](LogLevel logLevel, EventId eventId, TState state, Exception exception, Func`3 formatter)
         at Microsoft.Extensions.Logging.LoggerMessage.<>c__DisplayClass8_0.<Define>g__Log|0(ILogger logger, Exception exception)
         at Microsoft.AspNetCore.Diagnostics.DiagnosticsTelemetry.ReportUnhandledException(ILogger logger, HttpContext context, Exception ex)
         at Microsoft.AspNetCore.Diagnostics.DeveloperExceptionPageMiddlewareImpl.Invoke(HttpContext context)
         at Microsoft.AspNetCore.Server.Kestrel.Core.Internal.Http.HttpProtocol.ProcessRequests[TContext](IHttpApplication`1 application)
warn: Microsoft.AspNetCore.Server.Kestrel[0]
      Connection processing ended abnormally.
      System.AggregateException: An error occurred while writing to logger(s). (Cannot open log for source '.NET Runtime'. You may not have write access.)
       ---> System.InvalidOperationException: Cannot open log for source '.NET Runtime'. You may not have write access.
       ---> System.ComponentModel.Win32Exception (5): Access is denied.
         --- End of inner exception stack trace ---
         at System.Diagnostics.EventLogInternal.OpenForWrite(String currentMachineName)
         at System.Diagnostics.EventLogInternal.InternalWriteEvent(UInt32 eventID, UInt16 category, EventLogEntryType type, String[] strings, Byte[] rawData, String currentMachineName)
         at System.Diagnostics.EventLogInternal.WriteEvent(EventInstance instance, Byte[] data, Object[] values)
         at Microsoft.Extensions.Logging.EventLog.WindowsEventLog.WriteEntry(String message, EventLogEntryType type, Int32 eventID, Int16 category)
         at Microsoft.Extensions.Logging.EventLog.EventLogLogger.WriteMessage(String message, EventLogEntryType eventLogEntryType, Int32 eventId)
         at Microsoft.Extensions.Logging.EventLog.EventLogLogger.Log[TState](LogLevel logLevel, EventId eventId, TState state, Exception exception, Func`3 formatter)
         at Microsoft.Extensions.Logging.Logger.<Log>g__LoggerLog|14_0[TState](LogLevel logLevel, EventId eventId, ILogger logger, Exception exception, Func`3 formatter, List`1& exceptions, TState& state)
         --- End of inner exception stack trace ---
         at Microsoft.Extensions.Logging.Logger.ThrowLoggingError(List`1 exceptions)
         at Microsoft.Extensions.Logging.Logger.Log[TState](LogLevel logLevel, EventId eventId, TState state, Exception exception, Func`3 formatter)
         at Microsoft.Extensions.Logging.LoggerMessage.<>c__DisplayClass12_0`2.<Define>g__Log|0(ILogger logger, T1 arg1, T2 arg2, Exception exception)
         at Microsoft.AspNetCore.Server.Kestrel.Core.Internal.Infrastructure.KestrelTrace.GeneralLog.ApplicationError(ILogger logger, String connectionId, String traceIdentifier, Exception ex)
         at Microsoft.AspNetCore.Server.Kestrel.Core.Internal.Http.HttpProtocol.ProcessRequests[TContext](IHttpApplication`1 application)
         at Microsoft.AspNetCore.Server.Kestrel.Core.Internal.Http.HttpProtocol.ProcessRequestsAsync[TContext](IHttpApplication`1 application)
crit: Microsoft.AspNetCore.Server.Kestrel[0]
      Unexpected exception in HttpConnection.ProcessRequestsAsync.
      System.AggregateException: An error occurred while writing to logger(s). (Cannot open log for source '.NET Runtime'. You may not have write access.)
       ---> System.InvalidOperationException: Cannot open log for source '.NET Runtime'. You may not have write access.
       ---> System.ComponentModel.Win32Exception (5): Access is denied.
         --- End of inner exception stack trace ---
         at System.Diagnostics.EventLogInternal.OpenForWrite(String currentMachineName)
         at System.Diagnostics.EventLogInternal.InternalWriteEvent(UInt32 eventID, UInt16 category, EventLogEntryType type, String[] strings, Byte[] rawData, String currentMachineName)
         at System.Diagnostics.EventLogInternal.WriteEvent(EventInstance instance, Byte[] data, Object[] values)
         at Microsoft.Extensions.Logging.EventLog.WindowsEventLog.WriteEntry(String message, EventLogEntryType type, Int32 eventID, Int16 category)
         at Microsoft.Extensions.Logging.EventLog.EventLogLogger.WriteMessage(String message, EventLogEntryType eventLogEntryType, Int32 eventId)
         at Microsoft.Extensions.Logging.EventLog.EventLogLogger.Log[TState](LogLevel logLevel, EventId eventId, TState state, Exception exception, Func`3 formatter)
         at Microsoft.Extensions.Logging.Logger.<Log>g__LoggerLog|14_0[TState](LogLevel logLevel, EventId eventId, ILogger logger, Exception exception, Func`3 formatter, List`1& exceptions, TState& state)
         --- End of inner exception stack trace ---
         at Microsoft.Extensions.Logging.Logger.ThrowLoggingError(List`1 exceptions)
         at Microsoft.Extensions.Logging.Logger.Log[TState](LogLevel logLevel, EventId eventId, TState state, Exception exception, Func`3 formatter)
         at Microsoft.AspNetCore.Server.Kestrel.Core.Internal.Infrastructure.KestrelTrace.Log[TState](LogLevel logLevel, EventId eventId, TState state, Exception exception, Func`3 formatter)
         at Microsoft.Extensions.Logging.LoggerExtensions.Log(ILogger logger, LogLevel logLevel, EventId eventId, Exception exception, String message, Object[] args)
         at Microsoft.Extensions.Logging.LoggerExtensions.LogWarning(ILogger logger, EventId eventId, Exception exception, String message, Object[] args)
         at Microsoft.AspNetCore.Server.Kestrel.Core.Internal.Http.HttpProtocol.ProcessRequestsAsync[TContext](IHttpApplication`1 application)
         at Microsoft.AspNetCore.Server.Kestrel.Core.Internal.Http.HttpProtocol.ProcessRequestsAsync[TContext](IHttpApplication`1 application)
         at Microsoft.AspNetCore.Server.Kestrel.Core.Internal.HttpConnection.ProcessRequestsAsync[TContext](IHttpApplication`1 httpApplication)
fail: Microsoft.AspNetCore.Server.Kestrel[0]
      Unhandled exception while processing 0HNOM8OGS65KL.
      System.AggregateException: An error occurred while writing to logger(s). (Cannot open log for source '.NET Runtime'. You may not have write access.)
       ---> System.InvalidOperationException: Cannot open log for source '.NET Runtime'. You may not have write access.
       ---> System.ComponentModel.Win32Exception (5): Access is denied.
         --- End of inner exception stack trace ---
         at System.Diagnostics.EventLogInternal.OpenForWrite(String currentMachineName)
         at System.Diagnostics.EventLogInternal.InternalWriteEvent(UInt32 eventID, UInt16 category, EventLogEntryType type, String[] strings, Byte[] rawData, String currentMachineName)
         at System.Diagnostics.EventLogInternal.WriteEvent(EventInstance instance, Byte[] data, Object[] values)
         at Microsoft.Extensions.Logging.EventLog.WindowsEventLog.WriteEntry(String message, EventLogEntryType type, Int32 eventID, Int16 category)
         at Microsoft.Extensions.Logging.EventLog.EventLogLogger.WriteMessage(String message, EventLogEntryType eventLogEntryType, Int32 eventId)
         at Microsoft.Extensions.Logging.EventLog.EventLogLogger.Log[TState](LogLevel logLevel, EventId eventId, TState state, Exception exception, Func`3 formatter)
         at Microsoft.Extensions.Logging.Logger.<Log>g__LoggerLog|14_0[TState](LogLevel logLevel, EventId eventId, ILogger logger, Exception exception, Func`3 formatter, List`1& exceptions, TState& state)
         --- End of inner exception stack trace ---
         at Microsoft.Extensions.Logging.Logger.ThrowLoggingError(List`1 exceptions)
         at Microsoft.Extensions.Logging.Logger.Log[TState](LogLevel logLevel, EventId eventId, TState state, Exception exception, Func`3 formatter)
         at Microsoft.AspNetCore.Server.Kestrel.Core.Internal.Infrastructure.KestrelTrace.Log[TState](LogLevel logLevel, EventId eventId, TState state, Exception exception, Func`3 formatter)
         at Microsoft.Extensions.Logging.LoggerExtensions.Log(ILogger logger, LogLevel logLevel, EventId eventId, Exception exception, String message, Object[] args)
         at Microsoft.Extensions.Logging.LoggerExtensions.LogCritical(ILogger logger, EventId eventId, Exception exception, String message, Object[] args)
         at Microsoft.AspNetCore.Server.Kestrel.Core.Internal.HttpConnection.ProcessRequestsAsync[TContext](IHttpApplication`1 httpApplication)
         at Microsoft.AspNetCore.Server.Kestrel.Core.Internal.Infrastructure.KestrelConnection`1.ExecuteAsync()
fail: Microsoft.AspNetCore.Diagnostics.DeveloperExceptionPageMiddleware[1]
      An unhandled exception has occurred while executing the request.
      Npgsql.PostgresException (0x80004005): 42703: column p.gender does not exist
      
      POSITION: 336
         at Npgsql.Internal.NpgsqlConnector.ReadMessageLong(Boolean async, DataRowLoadingMode dataRowLoadingMode, Boolean readingNotifications, Boolean isReadingPrependedMessage)
         at System.Runtime.CompilerServices.PoolingAsyncValueTaskMethodBuilder`1.StateMachineBox`1.System.Threading.Tasks.Sources.IValueTaskSource<TResult>.GetResult(Int16 token)
         at Npgsql.NpgsqlDataReader.NextResult(Boolean async, Boolean isConsuming, CancellationToken cancellationToken)
         at Npgsql.NpgsqlDataReader.NextResult(Boolean async, Boolean isConsuming, CancellationToken cancellationToken)
         at Npgsql.NpgsqlCommand.ExecuteReader(Boolean async, CommandBehavior behavior, CancellationToken cancellationToken)
         at Npgsql.NpgsqlCommand.ExecuteReader(Boolean async, CommandBehavior behavior, CancellationToken cancellationToken)
         at Npgsql.NpgsqlCommand.ExecuteDbDataReaderAsync(CommandBehavior behavior, CancellationToken cancellationToken)
         at Dapper.SqlMapper.QueryRowAsync[T](IDbConnection cnn, Row row, Type effectiveType, CommandDefinition command) in /_/Dapper/SqlMapper.Async.cs:line 489
         at Nestify.Api.Profiles.UserProfileService.ReadAsync(IDbConnection connection, IDbTransaction transaction, Int64 userId) in E:\Nestify\src\Nestify.Api\Profiles\UserProfileService.cs:line 129
         at Nestify.Api.Profiles.UserProfileService.GetAsync(Int64 userId) in E:\Nestify\src\Nestify.Api\Profiles\UserProfileService.cs:line 26
         at Nestify.Api.Controllers.UserProfileController.GetMyProfile() in E:\Nestify\src\Nestify.Api\Controllers\UserProfileController.cs:line 32
         at lambda_method45(Closure, Object)
         at Microsoft.AspNetCore.Mvc.Infrastructure.ActionMethodExecutor.AwaitableObjectResultExecutor.Execute(ActionContext actionContext, IActionResultTypeMapper mapper, ObjectMethodExecutor executor, Object controller, Object[] arguments)
         at Microsoft.AspNetCore.Mvc.Infrastructure.ControllerActionInvoker.<InvokeActionMethodAsync>g__Awaited|12_0(ControllerActionInvoker invoker, ValueTask`1 actionResultValueTask)
         at Microsoft.AspNetCore.Mvc.Infrastructure.ControllerActionInvoker.<InvokeNextActionFilterAsync>g__Awaited|10_0(ControllerActionInvoker invoker, Task lastTask, State next, Scope scope, Object state, Boolean isCompleted)
         at Microsoft.AspNetCore.Mvc.Infrastructure.ControllerActionInvoker.Rethrow(ActionExecutedContextSealed context)
         at Microsoft.AspNetCore.Mvc.Infrastructure.ControllerActionInvoker.Next(State& next, Scope& scope, Object& state, Boolean& isCompleted)
         at Microsoft.AspNetCore.Mvc.Infrastructure.ControllerActionInvoker.<InvokeInnerFilterAsync>g__Awaited|13_0(ControllerActionInvoker invoker, Task lastTask, State next, Scope scope, Object state, Boolean isCompleted)
         at Microsoft.AspNetCore.Mvc.Infrastructure.ResourceInvoker.<InvokeFilterPipelineAsync>g__Awaited|20_0(ResourceInvoker invoker, Task lastTask, State next, Scope scope, Object state, Boolean isCompleted)
         at Microsoft.AspNetCore.Mvc.Infrastructure.ResourceInvoker.<InvokeAsync>g__Awaited|17_0(ResourceInvoker invoker, Task task, IDisposable scope)
         at Microsoft.AspNetCore.Mvc.Infrastructure.ResourceInvoker.<InvokeAsync>g__Awaited|17_0(ResourceInvoker invoker, Task task, IDisposable scope)
         at Microsoft.AspNetCore.Authorization.AuthorizationMiddleware.Invoke(HttpContext context)
         at Microsoft.AspNetCore.Authentication.AuthenticationMiddleware.Invoke(HttpContext context)
         at Microsoft.AspNetCore.Diagnostics.DeveloperExceptionPageMiddlewareImpl.Invoke(HttpContext context)
        Exception data:
          Severity: ERROR
          SqlState: 42703
          MessageText: column p.gender does not exist
          Position: 336
          File: parse_relation.c
          Line: 3859
          Routine: errorMissingColumn
fail: Microsoft.AspNetCore.Server.Kestrel[13]
      Connection id "0HNOM8OGS65KM", Request id "0HNOM8OGS65KM:00000001": An unhandled exception was thrown by the application.
      System.AggregateException: An error occurred while writing to logger(s). (Cannot open log for source '.NET Runtime'. You may not have write access.)
       ---> System.InvalidOperationException: Cannot open log for source '.NET Runtime'. You may not have write access.
       ---> System.ComponentModel.Win32Exception (5): Access is denied.
         --- End of inner exception stack trace ---
         at System.Diagnostics.EventLogInternal.OpenForWrite(String currentMachineName)
         at System.Diagnostics.EventLogInternal.InternalWriteEvent(UInt32 eventID, UInt16 category, EventLogEntryType type, String[] strings, Byte[] rawData, String currentMachineName)
         at System.Diagnostics.EventLogInternal.WriteEvent(EventInstance instance, Byte[] data, Object[] values)
         at Microsoft.Extensions.Logging.EventLog.WindowsEventLog.WriteEntry(String message, EventLogEntryType type, Int32 eventID, Int16 category)
         at Microsoft.Extensions.Logging.EventLog.EventLogLogger.WriteMessage(String message, EventLogEntryType eventLogEntryType, Int32 eventId)
         at Microsoft.Extensions.Logging.EventLog.EventLogLogger.Log[TState](LogLevel logLevel, EventId eventId, TState state, Exception exception, Func`3 formatter)
         at Microsoft.Extensions.Logging.Logger.<Log>g__LoggerLog|14_0[TState](LogLevel logLevel, EventId eventId, ILogger logger, Exception exception, Func`3 formatter, List`1& exceptions, TState& state)
         --- End of inner exception stack trace ---
         at Microsoft.Extensions.Logging.Logger.ThrowLoggingError(List`1 exceptions)
         at Microsoft.Extensions.Logging.Logger.Log[TState](LogLevel logLevel, EventId eventId, TState state, Exception exception, Func`3 formatter)
         at Microsoft.Extensions.Logging.Logger`1.Microsoft.Extensions.Logging.ILogger.Log[TState](LogLevel logLevel, EventId eventId, TState state, Exception exception, Func`3 formatter)
         at Microsoft.Extensions.Logging.LoggerMessage.<>c__DisplayClass8_0.<Define>g__Log|0(ILogger logger, Exception exception)
         at Microsoft.AspNetCore.Diagnostics.DiagnosticsTelemetry.ReportUnhandledException(ILogger logger, HttpContext context, Exception ex)
         at Microsoft.AspNetCore.Diagnostics.DeveloperExceptionPageMiddlewareImpl.Invoke(HttpContext context)
         at Microsoft.AspNetCore.Server.Kestrel.Core.Internal.Http.HttpProtocol.ProcessRequests[TContext](IHttpApplication`1 application)
warn: Microsoft.AspNetCore.Server.Kestrel[0]
      Connection processing ended abnormally.
      System.AggregateException: An error occurred while writing to logger(s). (Cannot open log for source '.NET Runtime'. You may not have write access.)
       ---> System.InvalidOperationException: Cannot open log for source '.NET Runtime'. You may not have write access.
       ---> System.ComponentModel.Win32Exception (5): Access is denied.
         --- End of inner exception stack trace ---
         at System.Diagnostics.EventLogInternal.OpenForWrite(String currentMachineName)
         at System.Diagnostics.EventLogInternal.InternalWriteEvent(UInt32 eventID, UInt16 category, EventLogEntryType type, String[] strings, Byte[] rawData, String currentMachineName)
         at System.Diagnostics.EventLogInternal.WriteEvent(EventInstance instance, Byte[] data, Object[] values)
         at Microsoft.Extensions.Logging.EventLog.WindowsEventLog.WriteEntry(String message, EventLogEntryType type, Int32 eventID, Int16 category)
         at Microsoft.Extensions.Logging.EventLog.EventLogLogger.WriteMessage(String message, EventLogEntryType eventLogEntryType, Int32 eventId)
         at Microsoft.Extensions.Logging.EventLog.EventLogLogger.Log[TState](LogLevel logLevel, EventId eventId, TState state, Exception exception, Func`3 formatter)
         at Microsoft.Extensions.Logging.Logger.<Log>g__LoggerLog|14_0[TState](LogLevel logLevel, EventId eventId, ILogger logger, Exception exception, Func`3 formatter, List`1& exceptions, TState& state)
         --- End of inner exception stack trace ---
         at Microsoft.Extensions.Logging.Logger.ThrowLoggingError(List`1 exceptions)
         at Microsoft.Extensions.Logging.Logger.Log[TState](LogLevel logLevel, EventId eventId, TState state, Exception exception, Func`3 formatter)
         at Microsoft.Extensions.Logging.LoggerMessage.<>c__DisplayClass12_0`2.<Define>g__Log|0(ILogger logger, T1 arg1, T2 arg2, Exception exception)
         at Microsoft.AspNetCore.Server.Kestrel.Core.Internal.Infrastructure.KestrelTrace.GeneralLog.ApplicationError(ILogger logger, String connectionId, String traceIdentifier, Exception ex)
         at Microsoft.AspNetCore.Server.Kestrel.Core.Internal.Http.HttpProtocol.ProcessRequests[TContext](IHttpApplication`1 application)
         at Microsoft.AspNetCore.Server.Kestrel.Core.Internal.Http.HttpProtocol.ProcessRequestsAsync[TContext](IHttpApplication`1 application)
crit: Microsoft.AspNetCore.Server.Kestrel[0]
      Unexpected exception in HttpConnection.ProcessRequestsAsync.
      System.AggregateException: An error occurred while writing to logger(s). (Cannot open log for source '.NET Runtime'. You may not have write access.)
       ---> System.InvalidOperationException: Cannot open log for source '.NET Runtime'. You may not have write access.
       ---> System.ComponentModel.Win32Exception (5): Access is denied.
         --- End of inner exception stack trace ---
         at System.Diagnostics.EventLogInternal.OpenForWrite(String currentMachineName)
         at System.Diagnostics.EventLogInternal.InternalWriteEvent(UInt32 eventID, UInt16 category, EventLogEntryType type, String[] strings, Byte[] rawData, String currentMachineName)
         at System.Diagnostics.EventLogInternal.WriteEvent(EventInstance instance, Byte[] data, Object[] values)
         at Microsoft.Extensions.Logging.EventLog.WindowsEventLog.WriteEntry(String message, EventLogEntryType type, Int32 eventID, Int16 category)
         at Microsoft.Extensions.Logging.EventLog.EventLogLogger.WriteMessage(String message, EventLogEntryType eventLogEntryType, Int32 eventId)
         at Microsoft.Extensions.Logging.EventLog.EventLogLogger.Log[TState](LogLevel logLevel, EventId eventId, TState state, Exception exception, Func`3 formatter)
         at Microsoft.Extensions.Logging.Logger.<Log>g__LoggerLog|14_0[TState](LogLevel logLevel, EventId eventId, ILogger logger, Exception exception, Func`3 formatter, List`1& exceptions, TState& state)
         --- End of inner exception stack trace ---
         at Microsoft.Extensions.Logging.Logger.ThrowLoggingError(List`1 exceptions)
         at Microsoft.Extensions.Logging.Logger.Log[TState](LogLevel logLevel, EventId eventId, TState state, Exception exception, Func`3 formatter)
         at Microsoft.AspNetCore.Server.Kestrel.Core.Internal.Infrastructure.KestrelTrace.Log[TState](LogLevel logLevel, EventId eventId, TState state, Exception exception, Func`3 formatter)
         at Microsoft.Extensions.Logging.LoggerExtensions.Log(ILogger logger, LogLevel logLevel, EventId eventId, Exception exception, String message, Object[] args)
         at Microsoft.Extensions.Logging.LoggerExtensions.LogWarning(ILogger logger, EventId eventId, Exception exception, String message, Object[] args)
         at Microsoft.AspNetCore.Server.Kestrel.Core.Internal.Http.HttpProtocol.ProcessRequestsAsync[TContext](IHttpApplication`1 application)
         at Microsoft.AspNetCore.Server.Kestrel.Core.Internal.Http.HttpProtocol.ProcessRequestsAsync[TContext](IHttpApplication`1 application)
         at Microsoft.AspNetCore.Server.Kestrel.Core.Internal.HttpConnection.ProcessRequestsAsync[TContext](IHttpApplication`1 httpApplication)
fail: Microsoft.AspNetCore.Server.Kestrel[0]
      Unhandled exception while processing 0HNOM8OGS65KM.
      System.AggregateException: An error occurred while writing to logger(s). (Cannot open log for source '.NET Runtime'. You may not have write access.)
       ---> System.InvalidOperationException: Cannot open log for source '.NET Runtime'. You may not have write access.
       ---> System.ComponentModel.Win32Exception (5): Access is denied.
         --- End of inner exception stack trace ---
         at System.Diagnostics.EventLogInternal.OpenForWrite(String currentMachineName)
         at System.Diagnostics.EventLogInternal.InternalWriteEvent(UInt32 eventID, UInt16 category, EventLogEntryType type, String[] strings, Byte[] rawData, String currentMachineName)
         at System.Diagnostics.EventLogInternal.WriteEvent(EventInstance instance, Byte[] data, Object[] values)
         at Microsoft.Extensions.Logging.EventLog.WindowsEventLog.WriteEntry(String message, EventLogEntryType type, Int32 eventID, Int16 category)
         at Microsoft.Extensions.Logging.EventLog.EventLogLogger.WriteMessage(String message, EventLogEntryType eventLogEntryType, Int32 eventId)
         at Microsoft.Extensions.Logging.EventLog.EventLogLogger.Log[TState](LogLevel logLevel, EventId eventId, TState state, Exception exception, Func`3 formatter)
         at Microsoft.Extensions.Logging.Logger.<Log>g__LoggerLog|14_0[TState](LogLevel logLevel, EventId eventId, ILogger logger, Exception exception, Func`3 formatter, List`1& exceptions, TState& state)
         --- End of inner exception stack trace ---
         at Microsoft.Extensions.Logging.Logger.ThrowLoggingError(List`1 exceptions)
         at Microsoft.Extensions.Logging.Logger.Log[TState](LogLevel logLevel, EventId eventId, TState state, Exception exception, Func`3 formatter)
         at Microsoft.AspNetCore.Server.Kestrel.Core.Internal.Infrastructure.KestrelTrace.Log[TState](LogLevel logLevel, EventId eventId, TState state, Exception exception, Func`3 formatter)
         at Microsoft.Extensions.Logging.LoggerExtensions.Log(ILogger logger, LogLevel logLevel, EventId eventId, Exception exception, String message, Object[] args)
         at Microsoft.Extensions.Logging.LoggerExtensions.LogCritical(ILogger logger, EventId eventId, Exception exception, String message, Object[] args)
         at Microsoft.AspNetCore.Server.Kestrel.Core.Internal.HttpConnection.ProcessRequestsAsync[TContext](IHttpApplication`1 httpApplication)
         at Microsoft.AspNetCore.Server.Kestrel.Core.Internal.Infrastructure.KestrelConnection`1.ExecuteAsync()
fail: Microsoft.AspNetCore.Diagnostics.DeveloperExceptionPageMiddleware[1]
      An unhandled exception has occurred while executing the request.
      Npgsql.PostgresException (0x80004005): 42703: column p.gender does not exist
      
      POSITION: 336
         at Npgsql.Internal.NpgsqlConnector.ReadMessageLong(Boolean async, DataRowLoadingMode dataRowLoadingMode, Boolean readingNotifications, Boolean isReadingPrependedMessage)
         at System.Runtime.CompilerServices.PoolingAsyncValueTaskMethodBuilder`1.StateMachineBox`1.System.Threading.Tasks.Sources.IValueTaskSource<TResult>.GetResult(Int16 token)
         at Npgsql.NpgsqlDataReader.NextResult(Boolean async, Boolean isConsuming, CancellationToken cancellationToken)
         at Npgsql.NpgsqlDataReader.NextResult(Boolean async, Boolean isConsuming, CancellationToken cancellationToken)
         at Npgsql.NpgsqlCommand.ExecuteReader(Boolean async, CommandBehavior behavior, CancellationToken cancellationToken)
         at Npgsql.NpgsqlCommand.ExecuteReader(Boolean async, CommandBehavior behavior, CancellationToken cancellationToken)
         at Npgsql.NpgsqlCommand.ExecuteDbDataReaderAsync(CommandBehavior behavior, CancellationToken cancellationToken)
         at Dapper.SqlMapper.QueryRowAsync[T](IDbConnection cnn, Row row, Type effectiveType, CommandDefinition command) in /_/Dapper/SqlMapper.Async.cs:line 489
         at Nestify.Api.Profiles.UserProfileService.ReadAsync(IDbConnection connection, IDbTransaction transaction, Int64 userId) in E:\Nestify\src\Nestify.Api\Profiles\UserProfileService.cs:line 129
         at Nestify.Api.Profiles.UserProfileService.GetAsync(Int64 userId) in E:\Nestify\src\Nestify.Api\Profiles\UserProfileService.cs:line 26
         at Nestify.Api.Controllers.UserProfileController.GetMyProfile() in E:\Nestify\src\Nestify.Api\Controllers\UserProfileController.cs:line 32
         at lambda_method45(Closure, Object)
         at Microsoft.AspNetCore.Mvc.Infrastructure.ActionMethodExecutor.AwaitableObjectResultExecutor.Execute(ActionContext actionContext, IActionResultTypeMapper mapper, ObjectMethodExecutor executor, Object controller, Object[] arguments)
         at Microsoft.AspNetCore.Mvc.Infrastructure.ControllerActionInvoker.<InvokeActionMethodAsync>g__Awaited|12_0(ControllerActionInvoker invoker, ValueTask`1 actionResultValueTask)
         at Microsoft.AspNetCore.Mvc.Infrastructure.ControllerActionInvoker.<InvokeNextActionFilterAsync>g__Awaited|10_0(ControllerActionInvoker invoker, Task lastTask, State next, Scope scope, Object state, Boolean isCompleted)
         at Microsoft.AspNetCore.Mvc.Infrastructure.ControllerActionInvoker.Rethrow(ActionExecutedContextSealed context)
         at Microsoft.AspNetCore.Mvc.Infrastructure.ControllerActionInvoker.Next(State& next, Scope& scope, Object& state, Boolean& isCompleted)
         at Microsoft.AspNetCore.Mvc.Infrastructure.ControllerActionInvoker.<InvokeInnerFilterAsync>g__Awaited|13_0(ControllerActionInvoker invoker, Task lastTask, State next, Scope scope, Object state, Boolean isCompleted)
         at Microsoft.AspNetCore.Mvc.Infrastructure.ResourceInvoker.<InvokeFilterPipelineAsync>g__Awaited|20_0(ResourceInvoker invoker, Task lastTask, State next, Scope scope, Object state, Boolean isCompleted)
         at Microsoft.AspNetCore.Mvc.Infrastructure.ResourceInvoker.<InvokeAsync>g__Awaited|17_0(ResourceInvoker invoker, Task task, IDisposable scope)
         at Microsoft.AspNetCore.Mvc.Infrastructure.ResourceInvoker.<InvokeAsync>g__Awaited|17_0(ResourceInvoker invoker, Task task, IDisposable scope)
         at Microsoft.AspNetCore.Authorization.AuthorizationMiddleware.Invoke(HttpContext context)
         at Microsoft.AspNetCore.Authentication.AuthenticationMiddleware.Invoke(HttpContext context)
         at Microsoft.AspNetCore.Diagnostics.DeveloperExceptionPageMiddlewareImpl.Invoke(HttpContext context)
        Exception data:
          Severity: ERROR
          SqlState: 42703
          MessageText: column p.gender does not exist
          Position: 336
          File: parse_relation.c
          Line: 3859
          Routine: errorMissingColumn
fail: Microsoft.AspNetCore.Server.Kestrel[13]
      Connection id "0HNOM8OGS65KO", Request id "0HNOM8OGS65KO:00000002": An unhandled exception was thrown by the application.
      System.AggregateException: An error occurred while writing to logger(s). (Cannot open log for source '.NET Runtime'. You may not have write access.)
       ---> System.InvalidOperationException: Cannot open log for source '.NET Runtime'. You may not have write access.
       ---> System.ComponentModel.Win32Exception (5): Access is denied.
         --- End of inner exception stack trace ---
         at System.Diagnostics.EventLogInternal.OpenForWrite(String currentMachineName)
         at System.Diagnostics.EventLogInternal.InternalWriteEvent(UInt32 eventID, UInt16 category, EventLogEntryType type, String[] strings, Byte[] rawData, String currentMachineName)
         at System.Diagnostics.EventLogInternal.WriteEvent(EventInstance instance, Byte[] data, Object[] values)
         at Microsoft.Extensions.Logging.EventLog.WindowsEventLog.WriteEntry(String message, EventLogEntryType type, Int32 eventID, Int16 category)
         at Microsoft.Extensions.Logging.EventLog.EventLogLogger.WriteMessage(String message, EventLogEntryType eventLogEntryType, Int32 eventId)
         at Microsoft.Extensions.Logging.EventLog.EventLogLogger.Log[TState](LogLevel logLevel, EventId eventId, TState state, Exception exception, Func`3 formatter)
         at Microsoft.Extensions.Logging.Logger.<Log>g__LoggerLog|14_0[TState](LogLevel logLevel, EventId eventId, ILogger logger, Exception exception, Func`3 formatter, List`1& exceptions, TState& state)
         --- End of inner exception stack trace ---
         at Microsoft.Extensions.Logging.Logger.ThrowLoggingError(List`1 exceptions)
         at Microsoft.Extensions.Logging.Logger.Log[TState](LogLevel logLevel, EventId eventId, TState state, Exception exception, Func`3 formatter)
         at Microsoft.Extensions.Logging.Logger`1.Microsoft.Extensions.Logging.ILogger.Log[TState](LogLevel logLevel, EventId eventId, TState state, Exception exception, Func`3 formatter)
         at Microsoft.Extensions.Logging.LoggerMessage.<>c__DisplayClass8_0.<Define>g__Log|0(ILogger logger, Exception exception)
         at Microsoft.AspNetCore.Diagnostics.DiagnosticsTelemetry.ReportUnhandledException(ILogger logger, HttpContext context, Exception ex)
         at Microsoft.AspNetCore.Diagnostics.DeveloperExceptionPageMiddlewareImpl.Invoke(HttpContext context)
         at Microsoft.AspNetCore.Server.Kestrel.Core.Internal.Http.HttpProtocol.ProcessRequests[TContext](IHttpApplication`1 application)
warn: Microsoft.AspNetCore.Server.Kestrel[0]
      Connection processing ended abnormally.
      System.AggregateException: An error occurred while writing to logger(s). (Cannot open log for source '.NET Runtime'. You may not have write access.)
       ---> System.InvalidOperationException: Cannot open log for source '.NET Runtime'. You may not have write access.
       ---> System.ComponentModel.Win32Exception (5): Access is denied.
         --- End of inner exception stack trace ---
         at System.Diagnostics.EventLogInternal.OpenForWrite(String currentMachineName)
         at System.Diagnostics.EventLogInternal.InternalWriteEvent(UInt32 eventID, UInt16 category, EventLogEntryType type, String[] strings, Byte[] rawData, String currentMachineName)
         at System.Diagnostics.EventLogInternal.WriteEvent(EventInstance instance, Byte[] data, Object[] values)
         at Microsoft.Extensions.Logging.EventLog.WindowsEventLog.WriteEntry(String message, EventLogEntryType type, Int32 eventID, Int16 category)
         at Microsoft.Extensions.Logging.EventLog.EventLogLogger.WriteMessage(String message, EventLogEntryType eventLogEntryType, Int32 eventId)
         at Microsoft.Extensions.Logging.EventLog.EventLogLogger.Log[TState](LogLevel logLevel, EventId eventId, TState state, Exception exception, Func`3 formatter)
         at Microsoft.Extensions.Logging.Logger.<Log>g__LoggerLog|14_0[TState](LogLevel logLevel, EventId eventId, ILogger logger, Exception exception, Func`3 formatter, List`1& exceptions, TState& state)
         --- End of inner exception stack trace ---
         at Microsoft.Extensions.Logging.Logger.ThrowLoggingError(List`1 exceptions)
         at Microsoft.Extensions.Logging.Logger.Log[TState](LogLevel logLevel, EventId eventId, TState state, Exception exception, Func`3 formatter)
         at Microsoft.Extensions.Logging.LoggerMessage.<>c__DisplayClass12_0`2.<Define>g__Log|0(ILogger logger, T1 arg1, T2 arg2, Exception exception)
         at Microsoft.AspNetCore.Server.Kestrel.Core.Internal.Infrastructure.KestrelTrace.GeneralLog.ApplicationError(ILogger logger, String connectionId, String traceIdentifier, Exception ex)
         at Microsoft.AspNetCore.Server.Kestrel.Core.Internal.Http.HttpProtocol.ProcessRequests[TContext](IHttpApplication`1 application)
         at Microsoft.AspNetCore.Server.Kestrel.Core.Internal.Http.HttpProtocol.ProcessRequestsAsync[TContext](IHttpApplication`1 application)
crit: Microsoft.AspNetCore.Server.Kestrel[0]
      Unexpected exception in HttpConnection.ProcessRequestsAsync.
      System.AggregateException: An error occurred while writing to logger(s). (Cannot open log for source '.NET Runtime'. You may not have write access.)
       ---> System.InvalidOperationException: Cannot open log for source '.NET Runtime'. You may not have write access.
       ---> System.ComponentModel.Win32Exception (5): Access is denied.
         --- End of inner exception stack trace ---
         at System.Diagnostics.EventLogInternal.OpenForWrite(String currentMachineName)
         at System.Diagnostics.EventLogInternal.InternalWriteEvent(UInt32 eventID, UInt16 category, EventLogEntryType type, String[] strings, Byte[] rawData, String currentMachineName)
         at System.Diagnostics.EventLogInternal.WriteEvent(EventInstance instance, Byte[] data, Object[] values)
         at Microsoft.Extensions.Logging.EventLog.WindowsEventLog.WriteEntry(String message, EventLogEntryType type, Int32 eventID, Int16 category)
         at Microsoft.Extensions.Logging.EventLog.EventLogLogger.WriteMessage(String message, EventLogEntryType eventLogEntryType, Int32 eventId)
         at Microsoft.Extensions.Logging.EventLog.EventLogLogger.Log[TState](LogLevel logLevel, EventId eventId, TState state, Exception exception, Func`3 formatter)
         at Microsoft.Extensions.Logging.Logger.<Log>g__LoggerLog|14_0[TState](LogLevel logLevel, EventId eventId, ILogger logger, Exception exception, Func`3 formatter, List`1& exceptions, TState& state)
         --- End of inner exception stack trace ---
         at Microsoft.Extensions.Logging.Logger.ThrowLoggingError(List`1 exceptions)
         at Microsoft.Extensions.Logging.Logger.Log[TState](LogLevel logLevel, EventId eventId, TState state, Exception exception, Func`3 formatter)
         at Microsoft.AspNetCore.Server.Kestrel.Core.Internal.Infrastructure.KestrelTrace.Log[TState](LogLevel logLevel, EventId eventId, TState state, Exception exception, Func`3 formatter)
         at Microsoft.Extensions.Logging.LoggerExtensions.Log(ILogger logger, LogLevel logLevel, EventId eventId, Exception exception, String message, Object[] args)
         at Microsoft.Extensions.Logging.LoggerExtensions.LogWarning(ILogger logger, EventId eventId, Exception exception, String message, Object[] args)
         at Microsoft.AspNetCore.Server.Kestrel.Core.Internal.Http.HttpProtocol.ProcessRequestsAsync[TContext](IHttpApplication`1 application)
         at Microsoft.AspNetCore.Server.Kestrel.Core.Internal.Http.HttpProtocol.ProcessRequestsAsync[TContext](IHttpApplication`1 application)
         at Microsoft.AspNetCore.Server.Kestrel.Core.Internal.HttpConnection.ProcessRequestsAsync[TContext](IHttpApplication`1 httpApplication)
fail: Microsoft.AspNetCore.Server.Kestrel[0]
      Unhandled exception while processing 0HNOM8OGS65KO.
      System.AggregateException: An error occurred while writing to logger(s). (Cannot open log for source '.NET Runtime'. You may not have write access.)
       ---> System.InvalidOperationException: Cannot open log for source '.NET Runtime'. You may not have write access.
       ---> System.ComponentModel.Win32Exception (5): Access is denied.
         --- End of inner exception stack trace ---
         at System.Diagnostics.EventLogInternal.OpenForWrite(String currentMachineName)
         at System.Diagnostics.EventLogInternal.InternalWriteEvent(UInt32 eventID, UInt16 category, EventLogEntryType type, String[] strings, Byte[] rawData, String currentMachineName)
         at System.Diagnostics.EventLogInternal.WriteEvent(EventInstance instance, Byte[] data, Object[] values)
         at Microsoft.Extensions.Logging.EventLog.WindowsEventLog.WriteEntry(String message, EventLogEntryType type, Int32 eventID, Int16 category)
         at Microsoft.Extensions.Logging.EventLog.EventLogLogger.WriteMessage(String message, EventLogEntryType eventLogEntryType, Int32 eventId)
         at Microsoft.Extensions.Logging.EventLog.EventLogLogger.Log[TState](LogLevel logLevel, EventId eventId, TState state, Exception exception, Func`3 formatter)
         at Microsoft.Extensions.Logging.Logger.<Log>g__LoggerLog|14_0[TState](LogLevel logLevel, EventId eventId, ILogger logger, Exception exception, Func`3 formatter, List`1& exceptions, TState& state)
         --- End of inner exception stack trace ---
         at Microsoft.Extensions.Logging.Logger.ThrowLoggingError(List`1 exceptions)
         at Microsoft.Extensions.Logging.Logger.Log[TState](LogLevel logLevel, EventId eventId, TState state, Exception exception, Func`3 formatter)
         at Microsoft.AspNetCore.Server.Kestrel.Core.Internal.Infrastructure.KestrelTrace.Log[TState](LogLevel logLevel, EventId eventId, TState state, Exception exception, Func`3 formatter)
         at Microsoft.Extensions.Logging.LoggerExtensions.Log(ILogger logger, LogLevel logLevel, EventId eventId, Exception exception, String message, Object[] args)
         at Microsoft.Extensions.Logging.LoggerExtensions.LogCritical(ILogger logger, EventId eventId, Exception exception, String message, Object[] args)
         at Microsoft.AspNetCore.Server.Kestrel.Core.Internal.HttpConnection.ProcessRequestsAsync[TContext](IHttpApplication`1 httpApplication)
         at Microsoft.AspNetCore.Server.Kestrel.Core.Internal.Infrastructure.KestrelConnection`1.ExecuteAsync()
fail: Microsoft.AspNetCore.Diagnostics.DeveloperExceptionPageMiddleware[1]
      An unhandled exception has occurred while executing the request.
      Npgsql.PostgresException (0x80004005): 42703: column p.gender does not exist
      
      POSITION: 336
         at Npgsql.Internal.NpgsqlConnector.ReadMessageLong(Boolean async, DataRowLoadingMode dataRowLoadingMode, Boolean readingNotifications, Boolean isReadingPrependedMessage)
         at System.Runtime.CompilerServices.PoolingAsyncValueTaskMethodBuilder`1.StateMachineBox`1.System.Threading.Tasks.Sources.IValueTaskSource<TResult>.GetResult(Int16 token)
         at Npgsql.NpgsqlDataReader.NextResult(Boolean async, Boolean isConsuming, CancellationToken cancellationToken)
         at Npgsql.NpgsqlDataReader.NextResult(Boolean async, Boolean isConsuming, CancellationToken cancellationToken)
         at Npgsql.NpgsqlCommand.ExecuteReader(Boolean async, CommandBehavior behavior, CancellationToken cancellationToken)
         at Npgsql.NpgsqlCommand.ExecuteReader(Boolean async, CommandBehavior behavior, CancellationToken cancellationToken)
         at Npgsql.NpgsqlCommand.ExecuteDbDataReaderAsync(CommandBehavior behavior, CancellationToken cancellationToken)
         at Dapper.SqlMapper.QueryRowAsync[T](IDbConnection cnn, Row row, Type effectiveType, CommandDefinition command) in /_/Dapper/SqlMapper.Async.cs:line 489
         at Nestify.Api.Profiles.UserProfileService.ReadAsync(IDbConnection connection, IDbTransaction transaction, Int64 userId) in E:\Nestify\src\Nestify.Api\Profiles\UserProfileService.cs:line 129
         at Nestify.Api.Profiles.UserProfileService.GetAsync(Int64 userId) in E:\Nestify\src\Nestify.Api\Profiles\UserProfileService.cs:line 26
         at Nestify.Api.Controllers.UserProfileController.GetMyProfile() in E:\Nestify\src\Nestify.Api\Controllers\UserProfileController.cs:line 32
         at lambda_method45(Closure, Object)
         at Microsoft.AspNetCore.Mvc.Infrastructure.ActionMethodExecutor.AwaitableObjectResultExecutor.Execute(ActionContext actionContext, IActionResultTypeMapper mapper, ObjectMethodExecutor executor, Object controller, Object[] arguments)
         at Microsoft.AspNetCore.Mvc.Infrastructure.ControllerActionInvoker.<InvokeActionMethodAsync>g__Awaited|12_0(ControllerActionInvoker invoker, ValueTask`1 actionResultValueTask)
         at Microsoft.AspNetCore.Mvc.Infrastructure.ControllerActionInvoker.<InvokeNextActionFilterAsync>g__Awaited|10_0(ControllerActionInvoker invoker, Task lastTask, State next, Scope scope, Object state, Boolean isCompleted)
         at Microsoft.AspNetCore.Mvc.Infrastructure.ControllerActionInvoker.Rethrow(ActionExecutedContextSealed context)
         at Microsoft.AspNetCore.Mvc.Infrastructure.ControllerActionInvoker.Next(State& next, Scope& scope, Object& state, Boolean& isCompleted)
         at Microsoft.AspNetCore.Mvc.Infrastructure.ControllerActionInvoker.<InvokeInnerFilterAsync>g__Awaited|13_0(ControllerActionInvoker invoker, Task lastTask, State next, Scope scope, Object state, Boolean isCompleted)
         at Microsoft.AspNetCore.Mvc.Infrastructure.ResourceInvoker.<InvokeFilterPipelineAsync>g__Awaited|20_0(ResourceInvoker invoker, Task lastTask, State next, Scope scope, Object state, Boolean isCompleted)
         at Microsoft.AspNetCore.Mvc.Infrastructure.ResourceInvoker.<InvokeAsync>g__Awaited|17_0(ResourceInvoker invoker, Task task, IDisposable scope)
         at Microsoft.AspNetCore.Mvc.Infrastructure.ResourceInvoker.<InvokeAsync>g__Awaited|17_0(ResourceInvoker invoker, Task task, IDisposable scope)
         at Microsoft.AspNetCore.Authorization.AuthorizationMiddleware.Invoke(HttpContext context)
         at Microsoft.AspNetCore.Authentication.AuthenticationMiddleware.Invoke(HttpContext context)
         at Microsoft.AspNetCore.Diagnostics.DeveloperExceptionPageMiddlewareImpl.Invoke(HttpContext context)
        Exception data:
          Severity: ERROR
          SqlState: 42703
          MessageText: column p.gender does not exist
          Position: 336
          File: parse_relation.c
          Line: 3859
          Routine: errorMissingColumn
fail: Microsoft.AspNetCore.Server.Kestrel[13]
      Connection id "0HNOM8OGS65KP", Request id "0HNOM8OGS65KP:00000001": An unhandled exception was thrown by the application.
      System.AggregateException: An error occurred while writing to logger(s). (Cannot open log for source '.NET Runtime'. You may not have write access.)
       ---> System.InvalidOperationException: Cannot open log for source '.NET Runtime'. You may not have write access.
       ---> System.ComponentModel.Win32Exception (5): Access is denied.
         --- End of inner exception stack trace ---
         at System.Diagnostics.EventLogInternal.OpenForWrite(String currentMachineName)
         at System.Diagnostics.EventLogInternal.InternalWriteEvent(UInt32 eventID, UInt16 category, EventLogEntryType type, String[] strings, Byte[] rawData, String currentMachineName)
         at System.Diagnostics.EventLogInternal.WriteEvent(EventInstance instance, Byte[] data, Object[] values)
         at Microsoft.Extensions.Logging.EventLog.WindowsEventLog.WriteEntry(String message, EventLogEntryType type, Int32 eventID, Int16 category)
         at Microsoft.Extensions.Logging.EventLog.EventLogLogger.WriteMessage(String message, EventLogEntryType eventLogEntryType, Int32 eventId)
         at Microsoft.Extensions.Logging.EventLog.EventLogLogger.Log[TState](LogLevel logLevel, EventId eventId, TState state, Exception exception, Func`3 formatter)
         at Microsoft.Extensions.Logging.Logger.<Log>g__LoggerLog|14_0[TState](LogLevel logLevel, EventId eventId, ILogger logger, Exception exception, Func`3 formatter, List`1& exceptions, TState& state)
         --- End of inner exception stack trace ---
         at Microsoft.Extensions.Logging.Logger.ThrowLoggingError(List`1 exceptions)
         at Microsoft.Extensions.Logging.Logger.Log[TState](LogLevel logLevel, EventId eventId, TState state, Exception exception, Func`3 formatter)
         at Microsoft.Extensions.Logging.Logger`1.Microsoft.Extensions.Logging.ILogger.Log[TState](LogLevel logLevel, EventId eventId, TState state, Exception exception, Func`3 formatter)
         at Microsoft.Extensions.Logging.LoggerMessage.<>c__DisplayClass8_0.<Define>g__Log|0(ILogger logger, Exception exception)
         at Microsoft.AspNetCore.Diagnostics.DiagnosticsTelemetry.ReportUnhandledException(ILogger logger, HttpContext context, Exception ex)
         at Microsoft.AspNetCore.Diagnostics.DeveloperExceptionPageMiddlewareImpl.Invoke(HttpContext context)
         at Microsoft.AspNetCore.Server.Kestrel.Core.Internal.Http.HttpProtocol.ProcessRequests[TContext](IHttpApplication`1 application)
warn: Microsoft.AspNetCore.Server.Kestrel[0]
      Connection processing ended abnormally.
      System.AggregateException: An error occurred while writing to logger(s). (Cannot open log for source '.NET Runtime'. You may not have write access.)
       ---> System.InvalidOperationException: Cannot open log for source '.NET Runtime'. You may not have write access.
       ---> System.ComponentModel.Win32Exception (5): Access is denied.
         --- End of inner exception stack trace ---
         at System.Diagnostics.EventLogInternal.OpenForWrite(String currentMachineName)
         at System.Diagnostics.EventLogInternal.InternalWriteEvent(UInt32 eventID, UInt16 category, EventLogEntryType type, String[] strings, Byte[] rawData, String currentMachineName)
         at System.Diagnostics.EventLogInternal.WriteEvent(EventInstance instance, Byte[] data, Object[] values)
         at Microsoft.Extensions.Logging.EventLog.WindowsEventLog.WriteEntry(String message, EventLogEntryType type, Int32 eventID, Int16 category)
         at Microsoft.Extensions.Logging.EventLog.EventLogLogger.WriteMessage(String message, EventLogEntryType eventLogEntryType, Int32 eventId)
         at Microsoft.Extensions.Logging.EventLog.EventLogLogger.Log[TState](LogLevel logLevel, EventId eventId, TState state, Exception exception, Func`3 formatter)
         at Microsoft.Extensions.Logging.Logger.<Log>g__LoggerLog|14_0[TState](LogLevel logLevel, EventId eventId, ILogger logger, Exception exception, Func`3 formatter, List`1& exceptions, TState& state)
         --- End of inner exception stack trace ---
         at Microsoft.Extensions.Logging.Logger.ThrowLoggingError(List`1 exceptions)
         at Microsoft.Extensions.Logging.Logger.Log[TState](LogLevel logLevel, EventId eventId, TState state, Exception exception, Func`3 formatter)
         at Microsoft.Extensions.Logging.LoggerMessage.<>c__DisplayClass12_0`2.<Define>g__Log|0(ILogger logger, T1 arg1, T2 arg2, Exception exception)
         at Microsoft.AspNetCore.Server.Kestrel.Core.Internal.Infrastructure.KestrelTrace.GeneralLog.ApplicationError(ILogger logger, String connectionId, String traceIdentifier, Exception ex)
         at Microsoft.AspNetCore.Server.Kestrel.Core.Internal.Http.HttpProtocol.ProcessRequests[TContext](IHttpApplication`1 application)
         at Microsoft.AspNetCore.Server.Kestrel.Core.Internal.Http.HttpProtocol.ProcessRequestsAsync[TContext](IHttpApplication`1 application)
crit: Microsoft.AspNetCore.Server.Kestrel[0]
      Unexpected exception in HttpConnection.ProcessRequestsAsync.
      System.AggregateException: An error occurred while writing to logger(s). (Cannot open log for source '.NET Runtime'. You may not have write access.)
       ---> System.InvalidOperationException: Cannot open log for source '.NET Runtime'. You may not have write access.
       ---> System.ComponentModel.Win32Exception (5): Access is denied.
         --- End of inner exception stack trace ---
         at System.Diagnostics.EventLogInternal.OpenForWrite(String currentMachineName)
         at System.Diagnostics.EventLogInternal.InternalWriteEvent(UInt32 eventID, UInt16 category, EventLogEntryType type, String[] strings, Byte[] rawData, String currentMachineName)
         at System.Diagnostics.EventLogInternal.WriteEvent(EventInstance instance, Byte[] data, Object[] values)
         at Microsoft.Extensions.Logging.EventLog.WindowsEventLog.WriteEntry(String message, EventLogEntryType type, Int32 eventID, Int16 category)
         at Microsoft.Extensions.Logging.EventLog.EventLogLogger.WriteMessage(String message, EventLogEntryType eventLogEntryType, Int32 eventId)
         at Microsoft.Extensions.Logging.EventLog.EventLogLogger.Log[TState](LogLevel logLevel, EventId eventId, TState state, Exception exception, Func`3 formatter)
         at Microsoft.Extensions.Logging.Logger.<Log>g__LoggerLog|14_0[TState](LogLevel logLevel, EventId eventId, ILogger logger, Exception exception, Func`3 formatter, List`1& exceptions, TState& state)
         --- End of inner exception stack trace ---
         at Microsoft.Extensions.Logging.Logger.ThrowLoggingError(List`1 exceptions)
         at Microsoft.Extensions.Logging.Logger.Log[TState](LogLevel logLevel, EventId eventId, TState state, Exception exception, Func`3 formatter)
         at Microsoft.AspNetCore.Server.Kestrel.Core.Internal.Infrastructure.KestrelTrace.Log[TState](LogLevel logLevel, EventId eventId, TState state, Exception exception, Func`3 formatter)
         at Microsoft.Extensions.Logging.LoggerExtensions.Log(ILogger logger, LogLevel logLevel, EventId eventId, Exception exception, String message, Object[] args)
         at Microsoft.Extensions.Logging.LoggerExtensions.LogWarning(ILogger logger, EventId eventId, Exception exception, String message, Object[] args)
         at Microsoft.AspNetCore.Server.Kestrel.Core.Internal.Http.HttpProtocol.ProcessRequestsAsync[TContext](IHttpApplication`1 application)
         at Microsoft.AspNetCore.Server.Kestrel.Core.Internal.Http.HttpProtocol.ProcessRequestsAsync[TContext](IHttpApplication`1 application)
         at Microsoft.AspNetCore.Server.Kestrel.Core.Internal.HttpConnection.ProcessRequestsAsync[TContext](IHttpApplication`1 httpApplication)
fail: Microsoft.AspNetCore.Server.Kestrel[0]
      Unhandled exception while processing 0HNOM8OGS65KP.
      System.AggregateException: An error occurred while writing to logger(s). (Cannot open log for source '.NET Runtime'. You may not have write access.)
       ---> System.InvalidOperationException: Cannot open log for source '.NET Runtime'. You may not have write access.
       ---> System.ComponentModel.Win32Exception (5): Access is denied.
         --- End of inner exception stack trace ---
         at System.Diagnostics.EventLogInternal.OpenForWrite(String currentMachineName)
         at System.Diagnostics.EventLogInternal.InternalWriteEvent(UInt32 eventID, UInt16 category, EventLogEntryType type, String[] strings, Byte[] rawData, String currentMachineName)
         at System.Diagnostics.EventLogInternal.WriteEvent(EventInstance instance, Byte[] data, Object[] values)
         at Microsoft.Extensions.Logging.EventLog.WindowsEventLog.WriteEntry(String message, EventLogEntryType type, Int32 eventID, Int16 category)
         at Microsoft.Extensions.Logging.EventLog.EventLogLogger.WriteMessage(String message, EventLogEntryType eventLogEntryType, Int32 eventId)
         at Microsoft.Extensions.Logging.EventLog.EventLogLogger.Log[TState](LogLevel logLevel, EventId eventId, TState state, Exception exception, Func`3 formatter)
         at Microsoft.Extensions.Logging.Logger.<Log>g__LoggerLog|14_0[TState](LogLevel logLevel, EventId eventId, ILogger logger, Exception exception, Func`3 formatter, List`1& exceptions, TState& state)
         --- End of inner exception stack trace ---
         at Microsoft.Extensions.Logging.Logger.ThrowLoggingError(List`1 exceptions)
         at Microsoft.Extensions.Logging.Logger.Log[TState](LogLevel logLevel, EventId eventId, TState state, Exception exception, Func`3 formatter)
         at Microsoft.AspNetCore.Server.Kestrel.Core.Internal.Infrastructure.KestrelTrace.Log[TState](LogLevel logLevel, EventId eventId, TState state, Exception exception, Func`3 formatter)
         at Microsoft.Extensions.Logging.LoggerExtensions.Log(ILogger logger, LogLevel logLevel, EventId eventId, Exception exception, String message, Object[] args)
         at Microsoft.Extensions.Logging.LoggerExtensions.LogCritical(ILogger logger, EventId eventId, Exception exception, String message, Object[] args)
         at Microsoft.AspNetCore.Server.Kestrel.Core.Internal.HttpConnection.ProcessRequestsAsync[TContext](IHttpApplication`1 httpApplication)
         at Microsoft.AspNetCore.Server.Kestrel.Core.Internal.Infrastructure.KestrelConnection`1.ExecuteAsync()
fail: Microsoft.AspNetCore.Diagnostics.DeveloperExceptionPageMiddleware[1]
      An unhandled exception has occurred while executing the request.
      Npgsql.PostgresException (0x80004005): 42703: column p.gender does not exist
      
      POSITION: 336
         at Npgsql.Internal.NpgsqlConnector.ReadMessageLong(Boolean async, DataRowLoadingMode dataRowLoadingMode, Boolean readingNotifications, Boolean isReadingPrependedMessage)
         at System.Runtime.CompilerServices.PoolingAsyncValueTaskMethodBuilder`1.StateMachineBox`1.System.Threading.Tasks.Sources.IValueTaskSource<TResult>.GetResult(Int16 token)
         at Npgsql.NpgsqlDataReader.NextResult(Boolean async, Boolean isConsuming, CancellationToken cancellationToken)
         at Npgsql.NpgsqlDataReader.NextResult(Boolean async, Boolean isConsuming, CancellationToken cancellationToken)
         at Npgsql.NpgsqlCommand.ExecuteReader(Boolean async, CommandBehavior behavior, CancellationToken cancellationToken)
         at Npgsql.NpgsqlCommand.ExecuteReader(Boolean async, CommandBehavior behavior, CancellationToken cancellationToken)
         at Npgsql.NpgsqlCommand.ExecuteDbDataReaderAsync(CommandBehavior behavior, CancellationToken cancellationToken)
         at Dapper.SqlMapper.QueryRowAsync[T](IDbConnection cnn, Row row, Type effectiveType, CommandDefinition command) in /_/Dapper/SqlMapper.Async.cs:line 489
         at Nestify.Api.Profiles.UserProfileService.ReadAsync(IDbConnection connection, IDbTransaction transaction, Int64 userId) in E:\Nestify\src\Nestify.Api\Profiles\UserProfileService.cs:line 129
         at Nestify.Api.Profiles.UserProfileService.GetAsync(Int64 userId) in E:\Nestify\src\Nestify.Api\Profiles\UserProfileService.cs:line 26
         at Nestify.Api.Controllers.UserProfileController.GetMyProfile() in E:\Nestify\src\Nestify.Api\Controllers\UserProfileController.cs:line 32
         at lambda_method45(Closure, Object)
         at Microsoft.AspNetCore.Mvc.Infrastructure.ActionMethodExecutor.AwaitableObjectResultExecutor.Execute(ActionContext actionContext, IActionResultTypeMapper mapper, ObjectMethodExecutor executor, Object controller, Object[] arguments)
         at Microsoft.AspNetCore.Mvc.Infrastructure.ControllerActionInvoker.<InvokeActionMethodAsync>g__Awaited|12_0(ControllerActionInvoker invoker, ValueTask`1 actionResultValueTask)
         at Microsoft.AspNetCore.Mvc.Infrastructure.ControllerActionInvoker.<InvokeNextActionFilterAsync>g__Awaited|10_0(ControllerActionInvoker invoker, Task lastTask, State next, Scope scope, Object state, Boolean isCompleted)
         at Microsoft.AspNetCore.Mvc.Infrastructure.ControllerActionInvoker.Rethrow(ActionExecutedContextSealed context)
         at Microsoft.AspNetCore.Mvc.Infrastructure.ControllerActionInvoker.Next(State& next, Scope& scope, Object& state, Boolean& isCompleted)
         at Microsoft.AspNetCore.Mvc.Infrastructure.ControllerActionInvoker.<InvokeInnerFilterAsync>g__Awaited|13_0(ControllerActionInvoker invoker, Task lastTask, State next, Scope scope, Object state, Boolean isCompleted)
         at Microsoft.AspNetCore.Mvc.Infrastructure.ResourceInvoker.<InvokeFilterPipelineAsync>g__Awaited|20_0(ResourceInvoker invoker, Task lastTask, State next, Scope scope, Object state, Boolean isCompleted)
         at Microsoft.AspNetCore.Mvc.Infrastructure.ResourceInvoker.<InvokeAsync>g__Awaited|17_0(ResourceInvoker invoker, Task task, IDisposable scope)
         at Microsoft.AspNetCore.Mvc.Infrastructure.ResourceInvoker.<InvokeAsync>g__Awaited|17_0(ResourceInvoker invoker, Task task, IDisposable scope)
         at Microsoft.AspNetCore.Authorization.AuthorizationMiddleware.Invoke(HttpContext context)
         at Microsoft.AspNetCore.Authentication.AuthenticationMiddleware.Invoke(HttpContext context)
         at Microsoft.AspNetCore.Diagnostics.DeveloperExceptionPageMiddlewareImpl.Invoke(HttpContext context)
        Exception data:
          Severity: ERROR
          SqlState: 42703
          MessageText: column p.gender does not exist
          Position: 336
          File: parse_relation.c
          Line: 3859
          Routine: errorMissingColumn
fail: Microsoft.AspNetCore.Server.Kestrel[13]
      Connection id "0HNOM8OGS65KQ", Request id "0HNOM8OGS65KQ:00000002": An unhandled exception was thrown by the application.
      System.AggregateException: An error occurred while writing to logger(s). (Cannot open log for source '.NET Runtime'. You may not have write access.)
       ---> System.InvalidOperationException: Cannot open log for source '.NET Runtime'. You may not have write access.
       ---> System.ComponentModel.Win32Exception (5): Access is denied.
         --- End of inner exception stack trace ---
         at System.Diagnostics.EventLogInternal.OpenForWrite(String currentMachineName)
         at System.Diagnostics.EventLogInternal.InternalWriteEvent(UInt32 eventID, UInt16 category, EventLogEntryType type, String[] strings, Byte[] rawData, String currentMachineName)
         at System.Diagnostics.EventLogInternal.WriteEvent(EventInstance instance, Byte[] data, Object[] values)
         at Microsoft.Extensions.Logging.EventLog.WindowsEventLog.WriteEntry(String message, EventLogEntryType type, Int32 eventID, Int16 category)
         at Microsoft.Extensions.Logging.EventLog.EventLogLogger.WriteMessage(String message, EventLogEntryType eventLogEntryType, Int32 eventId)
         at Microsoft.Extensions.Logging.EventLog.EventLogLogger.Log[TState](LogLevel logLevel, EventId eventId, TState state, Exception exception, Func`3 formatter)
         at Microsoft.Extensions.Logging.Logger.<Log>g__LoggerLog|14_0[TState](LogLevel logLevel, EventId eventId, ILogger logger, Exception exception, Func`3 formatter, List`1& exceptions, TState& state)
         --- End of inner exception stack trace ---
         at Microsoft.Extensions.Logging.Logger.ThrowLoggingError(List`1 exceptions)
         at Microsoft.Extensions.Logging.Logger.Log[TState](LogLevel logLevel, EventId eventId, TState state, Exception exception, Func`3 formatter)
         at Microsoft.Extensions.Logging.Logger`1.Microsoft.Extensions.Logging.ILogger.Log[TState](LogLevel logLevel, EventId eventId, TState state, Exception exception, Func`3 formatter)
         at Microsoft.Extensions.Logging.LoggerMessage.<>c__DisplayClass8_0.<Define>g__Log|0(ILogger logger, Exception exception)
         at Microsoft.AspNetCore.Diagnostics.DiagnosticsTelemetry.ReportUnhandledException(ILogger logger, HttpContext context, Exception ex)
         at Microsoft.AspNetCore.Diagnostics.DeveloperExceptionPageMiddlewareImpl.Invoke(HttpContext context)
         at Microsoft.AspNetCore.Server.Kestrel.Core.Internal.Http.HttpProtocol.ProcessRequests[TContext](IHttpApplication`1 application)
warn: Microsoft.AspNetCore.Server.Kestrel[0]
      Connection processing ended abnormally.
      System.AggregateException: An error occurred while writing to logger(s). (Cannot open log for source '.NET Runtime'. You may not have write access.)
       ---> System.InvalidOperationException: Cannot open log for source '.NET Runtime'. You may not have write access.
       ---> System.ComponentModel.Win32Exception (5): Access is denied.
         --- End of inner exception stack trace ---
         at System.Diagnostics.EventLogInternal.OpenForWrite(String currentMachineName)
         at System.Diagnostics.EventLogInternal.InternalWriteEvent(UInt32 eventID, UInt16 category, EventLogEntryType type, String[] strings, Byte[] rawData, String currentMachineName)
         at System.Diagnostics.EventLogInternal.WriteEvent(EventInstance instance, Byte[] data, Object[] values)
         at Microsoft.Extensions.Logging.EventLog.WindowsEventLog.WriteEntry(String message, EventLogEntryType type, Int32 eventID, Int16 category)
         at Microsoft.Extensions.Logging.EventLog.EventLogLogger.WriteMessage(String message, EventLogEntryType eventLogEntryType, Int32 eventId)
         at Microsoft.Extensions.Logging.EventLog.EventLogLogger.Log[TState](LogLevel logLevel, EventId eventId, TState state, Exception exception, Func`3 formatter)
         at Microsoft.Extensions.Logging.Logger.<Log>g__LoggerLog|14_0[TState](LogLevel logLevel, EventId eventId, ILogger logger, Exception exception, Func`3 formatter, List`1& exceptions, TState& state)
         --- End of inner exception stack trace ---
         at Microsoft.Extensions.Logging.Logger.ThrowLoggingError(List`1 exceptions)
         at Microsoft.Extensions.Logging.Logger.Log[TState](LogLevel logLevel, EventId eventId, TState state, Exception exception, Func`3 formatter)
         at Microsoft.Extensions.Logging.LoggerMessage.<>c__DisplayClass12_0`2.<Define>g__Log|0(ILogger logger, T1 arg1, T2 arg2, Exception exception)
         at Microsoft.AspNetCore.Server.Kestrel.Core.Internal.Infrastructure.KestrelTrace.GeneralLog.ApplicationError(ILogger logger, String connectionId, String traceIdentifier, Exception ex)
         at Microsoft.AspNetCore.Server.Kestrel.Core.Internal.Http.HttpProtocol.ProcessRequests[TContext](IHttpApplication`1 application)
         at Microsoft.AspNetCore.Server.Kestrel.Core.Internal.Http.HttpProtocol.ProcessRequestsAsync[TContext](IHttpApplication`1 application)
crit: Microsoft.AspNetCore.Server.Kestrel[0]
      Unexpected exception in HttpConnection.ProcessRequestsAsync.
      System.AggregateException: An error occurred while writing to logger(s). (Cannot open log for source '.NET Runtime'. You may not have write access.)
       ---> System.InvalidOperationException: Cannot open log for source '.NET Runtime'. You may not have write access.
       ---> System.ComponentModel.Win32Exception (5): Access is denied.
         --- End of inner exception stack trace ---
         at System.Diagnostics.EventLogInternal.OpenForWrite(String currentMachineName)
         at System.Diagnostics.EventLogInternal.InternalWriteEvent(UInt32 eventID, UInt16 category, EventLogEntryType type, String[] strings, Byte[] rawData, String currentMachineName)
         at System.Diagnostics.EventLogInternal.WriteEvent(EventInstance instance, Byte[] data, Object[] values)
         at Microsoft.Extensions.Logging.EventLog.WindowsEventLog.WriteEntry(String message, EventLogEntryType type, Int32 eventID, Int16 category)
         at Microsoft.Extensions.Logging.EventLog.EventLogLogger.WriteMessage(String message, EventLogEntryType eventLogEntryType, Int32 eventId)
         at Microsoft.Extensions.Logging.EventLog.EventLogLogger.Log[TState](LogLevel logLevel, EventId eventId, TState state, Exception exception, Func`3 formatter)
         at Microsoft.Extensions.Logging.Logger.<Log>g__LoggerLog|14_0[TState](LogLevel logLevel, EventId eventId, ILogger logger, Exception exception, Func`3 formatter, List`1& exceptions, TState& state)
         --- End of inner exception stack trace ---
         at Microsoft.Extensions.Logging.Logger.ThrowLoggingError(List`1 exceptions)
         at Microsoft.Extensions.Logging.Logger.Log[TState](LogLevel logLevel, EventId eventId, TState state, Exception exception, Func`3 formatter)
         at Microsoft.AspNetCore.Server.Kestrel.Core.Internal.Infrastructure.KestrelTrace.Log[TState](LogLevel logLevel, EventId eventId, TState state, Exception exception, Func`3 formatter)
         at Microsoft.Extensions.Logging.LoggerExtensions.Log(ILogger logger, LogLevel logLevel, EventId eventId, Exception exception, String message, Object[] args)
         at Microsoft.Extensions.Logging.LoggerExtensions.LogWarning(ILogger logger, EventId eventId, Exception exception, String message, Object[] args)
         at Microsoft.AspNetCore.Server.Kestrel.Core.Internal.Http.HttpProtocol.ProcessRequestsAsync[TContext](IHttpApplication`1 application)
         at Microsoft.AspNetCore.Server.Kestrel.Core.Internal.Http.HttpProtocol.ProcessRequestsAsync[TContext](IHttpApplication`1 application)
         at Microsoft.AspNetCore.Server.Kestrel.Core.Internal.HttpConnection.ProcessRequestsAsync[TContext](IHttpApplication`1 httpApplication)
fail: Microsoft.AspNetCore.Server.Kestrel[0]
      Unhandled exception while processing 0HNOM8OGS65KQ.
      System.AggregateException: An error occurred while writing to logger(s). (Cannot open log for source '.NET Runtime'. You may not have write access.)
       ---> System.InvalidOperationException: Cannot open log for source '.NET Runtime'. You may not have write access.
       ---> System.ComponentModel.Win32Exception (5): Access is denied.
         --- End of inner exception stack trace ---
         at System.Diagnostics.EventLogInternal.OpenForWrite(String currentMachineName)
         at System.Diagnostics.EventLogInternal.InternalWriteEvent(UInt32 eventID, UInt16 category, EventLogEntryType type, String[] strings, Byte[] rawData, String currentMachineName)
         at System.Diagnostics.EventLogInternal.WriteEvent(EventInstance instance, Byte[] data, Object[] values)
         at Microsoft.Extensions.Logging.EventLog.WindowsEventLog.WriteEntry(String message, EventLogEntryType type, Int32 eventID, Int16 category)
         at Microsoft.Extensions.Logging.EventLog.EventLogLogger.WriteMessage(String message, EventLogEntryType eventLogEntryType, Int32 eventId)
         at Microsoft.Extensions.Logging.EventLog.EventLogLogger.Log[TState](LogLevel logLevel, EventId eventId, TState state, Exception exception, Func`3 formatter)
         at Microsoft.Extensions.Logging.Logger.<Log>g__LoggerLog|14_0[TState](LogLevel logLevel, EventId eventId, ILogger logger, Exception exception, Func`3 formatter, List`1& exceptions, TState& state)
         --- End of inner exception stack trace ---
         at Microsoft.Extensions.Logging.Logger.ThrowLoggingError(List`1 exceptions)
         at Microsoft.Extensions.Logging.Logger.Log[TState](LogLevel logLevel, EventId eventId, TState state, Exception exception, Func`3 formatter)
         at Microsoft.AspNetCore.Server.Kestrel.Core.Internal.Infrastructure.KestrelTrace.Log[TState](LogLevel logLevel, EventId eventId, TState state, Exception exception, Func`3 formatter)
         at Microsoft.Extensions.Logging.LoggerExtensions.Log(ILogger logger, LogLevel logLevel, EventId eventId, Exception exception, String message, Object[] args)
         at Microsoft.Extensions.Logging.LoggerExtensions.LogCritical(ILogger logger, EventId eventId, Exception exception, String message, Object[] args)
         at Microsoft.AspNetCore.Server.Kestrel.Core.Internal.HttpConnection.ProcessRequestsAsync[TContext](IHttpApplication`1 httpApplication)
         at Microsoft.AspNetCore.Server.Kestrel.Core.Internal.Infrastructure.KestrelConnection`1.ExecuteAsync()
fail: Microsoft.AspNetCore.Diagnostics.DeveloperExceptionPageMiddleware[1]
      An unhandled exception has occurred while executing the request.
      Npgsql.PostgresException (0x80004005): 42703: column p.gender does not exist
      
      POSITION: 336
         at Npgsql.Internal.NpgsqlConnector.ReadMessageLong(Boolean async, DataRowLoadingMode dataRowLoadingMode, Boolean readingNotifications, Boolean isReadingPrependedMessage)
         at System.Runtime.CompilerServices.PoolingAsyncValueTaskMethodBuilder`1.StateMachineBox`1.System.Threading.Tasks.Sources.IValueTaskSource<TResult>.GetResult(Int16 token)
         at Npgsql.NpgsqlDataReader.NextResult(Boolean async, Boolean isConsuming, CancellationToken cancellationToken)
         at Npgsql.NpgsqlDataReader.NextResult(Boolean async, Boolean isConsuming, CancellationToken cancellationToken)
         at Npgsql.NpgsqlCommand.ExecuteReader(Boolean async, CommandBehavior behavior, CancellationToken cancellationToken)
         at Npgsql.NpgsqlCommand.ExecuteReader(Boolean async, CommandBehavior behavior, CancellationToken cancellationToken)
         at Npgsql.NpgsqlCommand.ExecuteDbDataReaderAsync(CommandBehavior behavior, CancellationToken cancellationToken)
         at Dapper.SqlMapper.QueryRowAsync[T](IDbConnection cnn, Row row, Type effectiveType, CommandDefinition command) in /_/Dapper/SqlMapper.Async.cs:line 489
         at Nestify.Api.Profiles.UserProfileService.ReadAsync(IDbConnection connection, IDbTransaction transaction, Int64 userId) in E:\Nestify\src\Nestify.Api\Profiles\UserProfileService.cs:line 129
         at Nestify.Api.Profiles.UserProfileService.GetAsync(Int64 userId) in E:\Nestify\src\Nestify.Api\Profiles\UserProfileService.cs:line 26
         at Nestify.Api.Controllers.UserProfileController.GetMyProfile() in E:\Nestify\src\Nestify.Api\Controllers\UserProfileController.cs:line 32
         at lambda_method45(Closure, Object)
         at Microsoft.AspNetCore.Mvc.Infrastructure.ActionMethodExecutor.AwaitableObjectResultExecutor.Execute(ActionContext actionContext, IActionResultTypeMapper mapper, ObjectMethodExecutor executor, Object controller, Object[] arguments)
         at Microsoft.AspNetCore.Mvc.Infrastructure.ControllerActionInvoker.<InvokeActionMethodAsync>g__Awaited|12_0(ControllerActionInvoker invoker, ValueTask`1 actionResultValueTask)
         at Microsoft.AspNetCore.Mvc.Infrastructure.ControllerActionInvoker.<InvokeNextActionFilterAsync>g__Awaited|10_0(ControllerActionInvoker invoker, Task lastTask, State next, Scope scope, Object state, Boolean isCompleted)
         at Microsoft.AspNetCore.Mvc.Infrastructure.ControllerActionInvoker.Rethrow(ActionExecutedContextSealed context)
         at Microsoft.AspNetCore.Mvc.Infrastructure.ControllerActionInvoker.Next(State& next, Scope& scope, Object& state, Boolean& isCompleted)
         at Microsoft.AspNetCore.Mvc.Infrastructure.ControllerActionInvoker.<InvokeInnerFilterAsync>g__Awaited|13_0(ControllerActionInvoker invoker, Task lastTask, State next, Scope scope, Object state, Boolean isCompleted)
         at Microsoft.AspNetCore.Mvc.Infrastructure.ResourceInvoker.<InvokeFilterPipelineAsync>g__Awaited|20_0(ResourceInvoker invoker, Task lastTask, State next, Scope scope, Object state, Boolean isCompleted)
         at Microsoft.AspNetCore.Mvc.Infrastructure.ResourceInvoker.<InvokeAsync>g__Awaited|17_0(ResourceInvoker invoker, Task task, IDisposable scope)
         at Microsoft.AspNetCore.Mvc.Infrastructure.ResourceInvoker.<InvokeAsync>g__Awaited|17_0(ResourceInvoker invoker, Task task, IDisposable scope)
         at Microsoft.AspNetCore.Authorization.AuthorizationMiddleware.Invoke(HttpContext context)
         at Microsoft.AspNetCore.Authentication.AuthenticationMiddleware.Invoke(HttpContext context)
         at Microsoft.AspNetCore.Diagnostics.DeveloperExceptionPageMiddlewareImpl.Invoke(HttpContext context)
        Exception data:
          Severity: ERROR
          SqlState: 42703
          MessageText: column p.gender does not exist
          Position: 336
          File: parse_relation.c
          Line: 3859
          Routine: errorMissingColumn
fail: Microsoft.AspNetCore.Server.Kestrel[13]
      Connection id "0HNOM8OGS65KN", Request id "0HNOM8OGS65KN:0000000B": An unhandled exception was thrown by the application.
      System.AggregateException: An error occurred while writing to logger(s). (Cannot open log for source '.NET Runtime'. You may not have write access.)
       ---> System.InvalidOperationException: Cannot open log for source '.NET Runtime'. You may not have write access.
       ---> System.ComponentModel.Win32Exception (5): Access is denied.
         --- End of inner exception stack trace ---
         at System.Diagnostics.EventLogInternal.OpenForWrite(String currentMachineName)
         at System.Diagnostics.EventLogInternal.InternalWriteEvent(UInt32 eventID, UInt16 category, EventLogEntryType type, String[] strings, Byte[] rawData, String currentMachineName)
         at System.Diagnostics.EventLogInternal.WriteEvent(EventInstance instance, Byte[] data, Object[] values)
         at Microsoft.Extensions.Logging.EventLog.WindowsEventLog.WriteEntry(String message, EventLogEntryType type, Int32 eventID, Int16 category)
         at Microsoft.Extensions.Logging.EventLog.EventLogLogger.WriteMessage(String message, EventLogEntryType eventLogEntryType, Int32 eventId)
         at Microsoft.Extensions.Logging.EventLog.EventLogLogger.Log[TState](LogLevel logLevel, EventId eventId, TState state, Exception exception, Func`3 formatter)
         at Microsoft.Extensions.Logging.Logger.<Log>g__LoggerLog|14_0[TState](LogLevel logLevel, EventId eventId, ILogger logger, Exception exception, Func`3 formatter, List`1& exceptions, TState& state)
         --- End of inner exception stack trace ---
         at Microsoft.Extensions.Logging.Logger.ThrowLoggingError(List`1 exceptions)
         at Microsoft.Extensions.Logging.Logger.Log[TState](LogLevel logLevel, EventId eventId, TState state, Exception exception, Func`3 formatter)
         at Microsoft.Extensions.Logging.Logger`1.Microsoft.Extensions.Logging.ILogger.Log[TState](LogLevel logLevel, EventId eventId, TState state, Exception exception, Func`3 formatter)
         at Microsoft.Extensions.Logging.LoggerMessage.<>c__DisplayClass8_0.<Define>g__Log|0(ILogger logger, Exception exception)
         at Microsoft.AspNetCore.Diagnostics.DiagnosticsTelemetry.ReportUnhandledException(ILogger logger, HttpContext context, Exception ex)
         at Microsoft.AspNetCore.Diagnostics.DeveloperExceptionPageMiddlewareImpl.Invoke(HttpContext context)
         at Microsoft.AspNetCore.Server.Kestrel.Core.Internal.Http.HttpProtocol.ProcessRequests[TContext](IHttpApplication`1 application)
warn: Microsoft.AspNetCore.Server.Kestrel[0]
      Connection processing ended abnormally.
      System.AggregateException: An error occurred while writing to logger(s). (Cannot open log for source '.NET Runtime'. You may not have write access.)
       ---> System.InvalidOperationException: Cannot open log for source '.NET Runtime'. You may not have write access.
       ---> System.ComponentModel.Win32Exception (5): Access is denied.
         --- End of inner exception stack trace ---
         at System.Diagnostics.EventLogInternal.OpenForWrite(String currentMachineName)
         at System.Diagnostics.EventLogInternal.InternalWriteEvent(UInt32 eventID, UInt16 category, EventLogEntryType type, String[] strings, Byte[] rawData, String currentMachineName)
         at System.Diagnostics.EventLogInternal.WriteEvent(EventInstance instance, Byte[] data, Object[] values)
         at Microsoft.Extensions.Logging.EventLog.WindowsEventLog.WriteEntry(String message, EventLogEntryType type, Int32 eventID, Int16 category)
         at Microsoft.Extensions.Logging.EventLog.EventLogLogger.WriteMessage(String message, EventLogEntryType eventLogEntryType, Int32 eventId)
         at Microsoft.Extensions.Logging.EventLog.EventLogLogger.Log[TState](LogLevel logLevel, EventId eventId, TState state, Exception exception, Func`3 formatter)
         at Microsoft.Extensions.Logging.Logger.<Log>g__LoggerLog|14_0[TState](LogLevel logLevel, EventId eventId, ILogger logger, Exception exception, Func`3 formatter, List`1& exceptions, TState& state)
         --- End of inner exception stack trace ---
         at Microsoft.Extensions.Logging.Logger.ThrowLoggingError(List`1 exceptions)
         at Microsoft.Extensions.Logging.Logger.Log[TState](LogLevel logLevel, EventId eventId, TState state, Exception exception, Func`3 formatter)
         at Microsoft.Extensions.Logging.LoggerMessage.<>c__DisplayClass12_0`2.<Define>g__Log|0(ILogger logger, T1 arg1, T2 arg2, Exception exception)
         at Microsoft.AspNetCore.Server.Kestrel.Core.Internal.Infrastructure.KestrelTrace.GeneralLog.ApplicationError(ILogger logger, String connectionId, String traceIdentifier, Exception ex)
         at Microsoft.AspNetCore.Server.Kestrel.Core.Internal.Http.HttpProtocol.ProcessRequests[TContext](IHttpApplication`1 application)
         at Microsoft.AspNetCore.Server.Kestrel.Core.Internal.Http.HttpProtocol.ProcessRequestsAsync[TContext](IHttpApplication`1 application)
crit: Microsoft.AspNetCore.Server.Kestrel[0]
      Unexpected exception in HttpConnection.ProcessRequestsAsync.
      System.AggregateException: An error occurred while writing to logger(s). (Cannot open log for source '.NET Runtime'. You may not have write access.)
       ---> System.InvalidOperationException: Cannot open log for source '.NET Runtime'. You may not have write access.
       ---> System.ComponentModel.Win32Exception (5): Access is denied.
         --- End of inner exception stack trace ---
         at System.Diagnostics.EventLogInternal.OpenForWrite(String currentMachineName)
         at System.Diagnostics.EventLogInternal.InternalWriteEvent(UInt32 eventID, UInt16 category, EventLogEntryType type, String[] strings, Byte[] rawData, String currentMachineName)
         at System.Diagnostics.EventLogInternal.WriteEvent(EventInstance instance, Byte[] data, Object[] values)
         at Microsoft.Extensions.Logging.EventLog.WindowsEventLog.WriteEntry(String message, EventLogEntryType type, Int32 eventID, Int16 category)
         at Microsoft.Extensions.Logging.EventLog.EventLogLogger.WriteMessage(String message, EventLogEntryType eventLogEntryType, Int32 eventId)
         at Microsoft.Extensions.Logging.EventLog.EventLogLogger.Log[TState](LogLevel logLevel, EventId eventId, TState state, Exception exception, Func`3 formatter)
         at Microsoft.Extensions.Logging.Logger.<Log>g__LoggerLog|14_0[TState](LogLevel logLevel, EventId eventId, ILogger logger, Exception exception, Func`3 formatter, List`1& exceptions, TState& state)
         --- End of inner exception stack trace ---
         at Microsoft.Extensions.Logging.Logger.ThrowLoggingError(List`1 exceptions)
         at Microsoft.Extensions.Logging.Logger.Log[TState](LogLevel logLevel, EventId eventId, TState state, Exception exception, Func`3 formatter)
         at Microsoft.AspNetCore.Server.Kestrel.Core.Internal.Infrastructure.KestrelTrace.Log[TState](LogLevel logLevel, EventId eventId, TState state, Exception exception, Func`3 formatter)
         at Microsoft.Extensions.Logging.LoggerExtensions.Log(ILogger logger, LogLevel logLevel, EventId eventId, Exception exception, String message, Object[] args)
         at Microsoft.Extensions.Logging.LoggerExtensions.LogWarning(ILogger logger, EventId eventId, Exception exception, String message, Object[] args)
         at Microsoft.AspNetCore.Server.Kestrel.Core.Internal.Http.HttpProtocol.ProcessRequestsAsync[TContext](IHttpApplication`1 application)
         at Microsoft.AspNetCore.Server.Kestrel.Core.Internal.Http.HttpProtocol.ProcessRequestsAsync[TContext](IHttpApplication`1 application)
         at Microsoft.AspNetCore.Server.Kestrel.Core.Internal.HttpConnection.ProcessRequestsAsync[TContext](IHttpApplication`1 httpApplication)
fail: Microsoft.AspNetCore.Server.Kestrel[0]
      Unhandled exception while processing 0HNOM8OGS65KN.
      System.AggregateException: An error occurred while writing to logger(s). (Cannot open log for source '.NET Runtime'. You may not have write access.)
       ---> System.InvalidOperationException: Cannot open log for source '.NET Runtime'. You may not have write access.
       ---> System.ComponentModel.Win32Exception (5): Access is denied.
         --- End of inner exception stack trace ---
         at System.Diagnostics.EventLogInternal.OpenForWrite(String currentMachineName)
         at System.Diagnostics.EventLogInternal.InternalWriteEvent(UInt32 eventID, UInt16 category, EventLogEntryType type, String[] strings, Byte[] rawData, String currentMachineName)
         at System.Diagnostics.EventLogInternal.WriteEvent(EventInstance instance, Byte[] data, Object[] values)
         at Microsoft.Extensions.Logging.EventLog.WindowsEventLog.WriteEntry(String message, EventLogEntryType type, Int32 eventID, Int16 category)
         at Microsoft.Extensions.Logging.EventLog.EventLogLogger.WriteMessage(String message, EventLogEntryType eventLogEntryType, Int32 eventId)
         at Microsoft.Extensions.Logging.EventLog.EventLogLogger.Log[TState](LogLevel logLevel, EventId eventId, TState state, Exception exception, Func`3 formatter)
         at Microsoft.Extensions.Logging.Logger.<Log>g__LoggerLog|14_0[TState](LogLevel logLevel, EventId eventId, ILogger logger, Exception exception, Func`3 formatter, List`1& exceptions, TState& state)
         --- End of inner exception stack trace ---
         at Microsoft.Extensions.Logging.Logger.ThrowLoggingError(List`1 exceptions)
         at Microsoft.Extensions.Logging.Logger.Log[TState](LogLevel logLevel, EventId eventId, TState state, Exception exception, Func`3 formatter)
         at Microsoft.AspNetCore.Server.Kestrel.Core.Internal.Infrastructure.KestrelTrace.Log[TState](LogLevel logLevel, EventId eventId, TState state, Exception exception, Func`3 formatter)
         at Microsoft.Extensions.Logging.LoggerExtensions.Log(ILogger logger, LogLevel logLevel, EventId eventId, Exception exception, String message, Object[] args)
         at Microsoft.Extensions.Logging.LoggerExtensions.LogCritical(ILogger logger, EventId eventId, Exception exception, String message, Object[] args)
         at Microsoft.AspNetCore.Server.Kestrel.Core.Internal.HttpConnection.ProcessRequestsAsync[TContext](IHttpApplication`1 httpApplication)
         at Microsoft.AspNetCore.Server.Kestrel.Core.Internal.Infrastructure.KestrelConnection`1.ExecuteAsync()
fail: Microsoft.AspNetCore.Diagnostics.DeveloperExceptionPageMiddleware[1]
      An unhandled exception has occurred while executing the request.
      Npgsql.PostgresException (0x80004005): 42703: column p.gender does not exist
      
      POSITION: 336
         at Npgsql.Internal.NpgsqlConnector.ReadMessageLong(Boolean async, DataRowLoadingMode dataRowLoadingMode, Boolean readingNotifications, Boolean isReadingPrependedMessage)
         at System.Runtime.CompilerServices.PoolingAsyncValueTaskMethodBuilder`1.StateMachineBox`1.System.Threading.Tasks.Sources.IValueTaskSource<TResult>.GetResult(Int16 token)
         at Npgsql.NpgsqlDataReader.NextResult(Boolean async, Boolean isConsuming, CancellationToken cancellationToken)
         at Npgsql.NpgsqlDataReader.NextResult(Boolean async, Boolean isConsuming, CancellationToken cancellationToken)
         at Npgsql.NpgsqlCommand.ExecuteReader(Boolean async, CommandBehavior behavior, CancellationToken cancellationToken)
         at Npgsql.NpgsqlCommand.ExecuteReader(Boolean async, CommandBehavior behavior, CancellationToken cancellationToken)
         at Npgsql.NpgsqlCommand.ExecuteDbDataReaderAsync(CommandBehavior behavior, CancellationToken cancellationToken)
         at Dapper.SqlMapper.QueryRowAsync[T](IDbConnection cnn, Row row, Type effectiveType, CommandDefinition command) in /_/Dapper/SqlMapper.Async.cs:line 489
         at Nestify.Api.Profiles.UserProfileService.ReadAsync(IDbConnection connection, IDbTransaction transaction, Int64 userId) in E:\Nestify\src\Nestify.Api\Profiles\UserProfileService.cs:line 129
         at Nestify.Api.Profiles.UserProfileService.GetAsync(Int64 userId) in E:\Nestify\src\Nestify.Api\Profiles\UserProfileService.cs:line 26
         at Nestify.Api.Controllers.UserProfileController.GetMyProfile() in E:\Nestify\src\Nestify.Api\Controllers\UserProfileController.cs:line 32
         at lambda_method45(Closure, Object)
         at Microsoft.AspNetCore.Mvc.Infrastructure.ActionMethodExecutor.AwaitableObjectResultExecutor.Execute(ActionContext actionContext, IActionResultTypeMapper mapper, ObjectMethodExecutor executor, Object controller, Object[] arguments)
         at Microsoft.AspNetCore.Mvc.Infrastructure.ControllerActionInvoker.<InvokeActionMethodAsync>g__Awaited|12_0(ControllerActionInvoker invoker, ValueTask`1 actionResultValueTask)
         at Microsoft.AspNetCore.Mvc.Infrastructure.ControllerActionInvoker.<InvokeNextActionFilterAsync>g__Awaited|10_0(ControllerActionInvoker invoker, Task lastTask, State next, Scope scope, Object state, Boolean isCompleted)
         at Microsoft.AspNetCore.Mvc.Infrastructure.ControllerActionInvoker.Rethrow(ActionExecutedContextSealed context)
         at Microsoft.AspNetCore.Mvc.Infrastructure.ControllerActionInvoker.Next(State& next, Scope& scope, Object& state, Boolean& isCompleted)
         at Microsoft.AspNetCore.Mvc.Infrastructure.ControllerActionInvoker.<InvokeInnerFilterAsync>g__Awaited|13_0(ControllerActionInvoker invoker, Task lastTask, State next, Scope scope, Object state, Boolean isCompleted)
         at Microsoft.AspNetCore.Mvc.Infrastructure.ResourceInvoker.<InvokeFilterPipelineAsync>g__Awaited|20_0(ResourceInvoker invoker, Task lastTask, State next, Scope scope, Object state, Boolean isCompleted)
         at Microsoft.AspNetCore.Mvc.Infrastructure.ResourceInvoker.<InvokeAsync>g__Awaited|17_0(ResourceInvoker invoker, Task task, IDisposable scope)
         at Microsoft.AspNetCore.Mvc.Infrastructure.ResourceInvoker.<InvokeAsync>g__Awaited|17_0(ResourceInvoker invoker, Task task, IDisposable scope)
         at Microsoft.AspNetCore.Authorization.AuthorizationMiddleware.Invoke(HttpContext context)
         at Microsoft.AspNetCore.Authentication.AuthenticationMiddleware.Invoke(HttpContext context)
         at Microsoft.AspNetCore.Diagnostics.DeveloperExceptionPageMiddlewareImpl.Invoke(HttpContext context)
        Exception data:
          Severity: ERROR
          SqlState: 42703
          MessageText: column p.gender does not exist
          Position: 336
          File: parse_relation.c
          Line: 3859
          Routine: errorMissingColumn
fail: Microsoft.AspNetCore.Server.Kestrel[13]
      Connection id "0HNOM8OGS65KR", Request id "0HNOM8OGS65KR:00000001": An unhandled exception was thrown by the application.
      System.AggregateException: An error occurred while writing to logger(s). (Cannot open log for source '.NET Runtime'. You may not have write access.)
       ---> System.InvalidOperationException: Cannot open log for source '.NET Runtime'. You may not have write access.
       ---> System.ComponentModel.Win32Exception (5): Access is denied.
         --- End of inner exception stack trace ---
         at System.Diagnostics.EventLogInternal.OpenForWrite(String currentMachineName)
         at System.Diagnostics.EventLogInternal.InternalWriteEvent(UInt32 eventID, UInt16 category, EventLogEntryType type, String[] strings, Byte[] rawData, String currentMachineName)
         at System.Diagnostics.EventLogInternal.WriteEvent(EventInstance instance, Byte[] data, Object[] values)
         at Microsoft.Extensions.Logging.EventLog.WindowsEventLog.WriteEntry(String message, EventLogEntryType type, Int32 eventID, Int16 category)
         at Microsoft.Extensions.Logging.EventLog.EventLogLogger.WriteMessage(String message, EventLogEntryType eventLogEntryType, Int32 eventId)
         at Microsoft.Extensions.Logging.EventLog.EventLogLogger.Log[TState](LogLevel logLevel, EventId eventId, TState state, Exception exception, Func`3 formatter)
         at Microsoft.Extensions.Logging.Logger.<Log>g__LoggerLog|14_0[TState](LogLevel logLevel, EventId eventId, ILogger logger, Exception exception, Func`3 formatter, List`1& exceptions, TState& state)
         --- End of inner exception stack trace ---
         at Microsoft.Extensions.Logging.Logger.ThrowLoggingError(List`1 exceptions)
         at Microsoft.Extensions.Logging.Logger.Log[TState](LogLevel logLevel, EventId eventId, TState state, Exception exception, Func`3 formatter)
         at Microsoft.Extensions.Logging.Logger`1.Microsoft.Extensions.Logging.ILogger.Log[TState](LogLevel logLevel, EventId eventId, TState state, Exception exception, Func`3 formatter)
         at Microsoft.Extensions.Logging.LoggerMessage.<>c__DisplayClass8_0.<Define>g__Log|0(ILogger logger, Exception exception)
         at Microsoft.AspNetCore.Diagnostics.DiagnosticsTelemetry.ReportUnhandledException(ILogger logger, HttpContext context, Exception ex)
         at Microsoft.AspNetCore.Diagnostics.DeveloperExceptionPageMiddlewareImpl.Invoke(HttpContext context)
         at Microsoft.AspNetCore.Server.Kestrel.Core.Internal.Http.HttpProtocol.ProcessRequests[TContext](IHttpApplication`1 application)
warn: Microsoft.AspNetCore.Server.Kestrel[0]
      Connection processing ended abnormally.
      System.AggregateException: An error occurred while writing to logger(s). (Cannot open log for source '.NET Runtime'. You may not have write access.)
       ---> System.InvalidOperationException: Cannot open log for source '.NET Runtime'. You may not have write access.
       ---> System.ComponentModel.Win32Exception (5): Access is denied.
         --- End of inner exception stack trace ---
         at System.Diagnostics.EventLogInternal.OpenForWrite(String currentMachineName)
         at System.Diagnostics.EventLogInternal.InternalWriteEvent(UInt32 eventID, UInt16 category, EventLogEntryType type, String[] strings, Byte[] rawData, String currentMachineName)
         at System.Diagnostics.EventLogInternal.WriteEvent(EventInstance instance, Byte[] data, Object[] values)
         at Microsoft.Extensions.Logging.EventLog.WindowsEventLog.WriteEntry(String message, EventLogEntryType type, Int32 eventID, Int16 category)
         at Microsoft.Extensions.Logging.EventLog.EventLogLogger.WriteMessage(String message, EventLogEntryType eventLogEntryType, Int32 eventId)
         at Microsoft.Extensions.Logging.EventLog.EventLogLogger.Log[TState](LogLevel logLevel, EventId eventId, TState state, Exception exception, Func`3 formatter)
         at Microsoft.Extensions.Logging.Logger.<Log>g__LoggerLog|14_0[TState](LogLevel logLevel, EventId eventId, ILogger logger, Exception exception, Func`3 formatter, List`1& exceptions, TState& state)
         --- End of inner exception stack trace ---
         at Microsoft.Extensions.Logging.Logger.ThrowLoggingError(List`1 exceptions)
         at Microsoft.Extensions.Logging.Logger.Log[TState](LogLevel logLevel, EventId eventId, TState state, Exception exception, Func`3 formatter)
         at Microsoft.Extensions.Logging.LoggerMessage.<>c__DisplayClass12_0`2.<Define>g__Log|0(ILogger logger, T1 arg1, T2 arg2, Exception exception)
         at Microsoft.AspNetCore.Server.Kestrel.Core.Internal.Infrastructure.KestrelTrace.GeneralLog.ApplicationError(ILogger logger, String connectionId, String traceIdentifier, Exception ex)
         at Microsoft.AspNetCore.Server.Kestrel.Core.Internal.Http.HttpProtocol.ProcessRequests[TContext](IHttpApplication`1 application)
         at Microsoft.AspNetCore.Server.Kestrel.Core.Internal.Http.HttpProtocol.ProcessRequestsAsync[TContext](IHttpApplication`1 application)
crit: Microsoft.AspNetCore.Server.Kestrel[0]
      Unexpected exception in HttpConnection.ProcessRequestsAsync.
      System.AggregateException: An error occurred while writing to logger(s). (Cannot open log for source '.NET Runtime'. You may not have write access.)
       ---> System.InvalidOperationException: Cannot open log for source '.NET Runtime'. You may not have write access.
       ---> System.ComponentModel.Win32Exception (5): Access is denied.
         --- End of inner exception stack trace ---
         at System.Diagnostics.EventLogInternal.OpenForWrite(String currentMachineName)
         at System.Diagnostics.EventLogInternal.InternalWriteEvent(UInt32 eventID, UInt16 category, EventLogEntryType type, String[] strings, Byte[] rawData, String currentMachineName)
         at System.Diagnostics.EventLogInternal.WriteEvent(EventInstance instance, Byte[] data, Object[] values)
         at Microsoft.Extensions.Logging.EventLog.WindowsEventLog.WriteEntry(String message, EventLogEntryType type, Int32 eventID, Int16 category)
         at Microsoft.Extensions.Logging.EventLog.EventLogLogger.WriteMessage(String message, EventLogEntryType eventLogEntryType, Int32 eventId)
         at Microsoft.Extensions.Logging.EventLog.EventLogLogger.Log[TState](LogLevel logLevel, EventId eventId, TState state, Exception exception, Func`3 formatter)
         at Microsoft.Extensions.Logging.Logger.<Log>g__LoggerLog|14_0[TState](LogLevel logLevel, EventId eventId, ILogger logger, Exception exception, Func`3 formatter, List`1& exceptions, TState& state)
         --- End of inner exception stack trace ---
         at Microsoft.Extensions.Logging.Logger.ThrowLoggingError(List`1 exceptions)
         at Microsoft.Extensions.Logging.Logger.Log[TState](LogLevel logLevel, EventId eventId, TState state, Exception exception, Func`3 formatter)
         at Microsoft.AspNetCore.Server.Kestrel.Core.Internal.Infrastructure.KestrelTrace.Log[TState](LogLevel logLevel, EventId eventId, TState state, Exception exception, Func`3 formatter)
         at Microsoft.Extensions.Logging.LoggerExtensions.Log(ILogger logger, LogLevel logLevel, EventId eventId, Exception exception, String message, Object[] args)
         at Microsoft.Extensions.Logging.LoggerExtensions.LogWarning(ILogger logger, EventId eventId, Exception exception, String message, Object[] args)
         at Microsoft.AspNetCore.Server.Kestrel.Core.Internal.Http.HttpProtocol.ProcessRequestsAsync[TContext](IHttpApplication`1 application)
         at Microsoft.AspNetCore.Server.Kestrel.Core.Internal.Http.HttpProtocol.ProcessRequestsAsync[TContext](IHttpApplication`1 application)
         at Microsoft.AspNetCore.Server.Kestrel.Core.Internal.HttpConnection.ProcessRequestsAsync[TContext](IHttpApplication`1 httpApplication)
fail: Microsoft.AspNetCore.Server.Kestrel[0]
      Unhandled exception while processing 0HNOM8OGS65KR.
      System.AggregateException: An error occurred while writing to logger(s). (Cannot open log for source '.NET Runtime'. You may not have write access.)
       ---> System.InvalidOperationException: Cannot open log for source '.NET Runtime'. You may not have write access.
       ---> System.ComponentModel.Win32Exception (5): Access is denied.
         --- End of inner exception stack trace ---
         at System.Diagnostics.EventLogInternal.OpenForWrite(String currentMachineName)
         at System.Diagnostics.EventLogInternal.InternalWriteEvent(UInt32 eventID, UInt16 category, EventLogEntryType type, String[] strings, Byte[] rawData, String currentMachineName)
         at System.Diagnostics.EventLogInternal.WriteEvent(EventInstance instance, Byte[] data, Object[] values)
         at Microsoft.Extensions.Logging.EventLog.WindowsEventLog.WriteEntry(String message, EventLogEntryType type, Int32 eventID, Int16 category)
         at Microsoft.Extensions.Logging.EventLog.EventLogLogger.WriteMessage(String message, EventLogEntryType eventLogEntryType, Int32 eventId)
         at Microsoft.Extensions.Logging.EventLog.EventLogLogger.Log[TState](LogLevel logLevel, EventId eventId, TState state, Exception exception, Func`3 formatter)
         at Microsoft.Extensions.Logging.Logger.<Log>g__LoggerLog|14_0[TState](LogLevel logLevel, EventId eventId, ILogger logger, Exception exception, Func`3 formatter, List`1& exceptions, TState& state)
         --- End of inner exception stack trace ---
         at Microsoft.Extensions.Logging.Logger.ThrowLoggingError(List`1 exceptions)
         at Microsoft.Extensions.Logging.Logger.Log[TState](LogLevel logLevel, EventId eventId, TState state, Exception exception, Func`3 formatter)
         at Microsoft.AspNetCore.Server.Kestrel.Core.Internal.Infrastructure.KestrelTrace.Log[TState](LogLevel logLevel, EventId eventId, TState state, Exception exception, Func`3 formatter)
         at Microsoft.Extensions.Logging.LoggerExtensions.Log(ILogger logger, LogLevel logLevel, EventId eventId, Exception exception, String message, Object[] args)
         at Microsoft.Extensions.Logging.LoggerExtensions.LogCritical(ILogger logger, EventId eventId, Exception exception, String message, Object[] args)
         at Microsoft.AspNetCore.Server.Kestrel.Core.Internal.HttpConnection.ProcessRequestsAsync[TContext](IHttpApplication`1 httpApplication)
         at Microsoft.AspNetCore.Server.Kestrel.Core.Internal.Infrastructure.KestrelConnection`1.ExecuteAsync()
fail: Microsoft.AspNetCore.Diagnostics.DeveloperExceptionPageMiddleware[1]
      An unhandled exception has occurred while executing the request.
      Npgsql.PostgresException (0x80004005): 42703: column p.gender does not exist
      
      POSITION: 336
         at Npgsql.Internal.NpgsqlConnector.ReadMessageLong(Boolean async, DataRowLoadingMode dataRowLoadingMode, Boolean readingNotifications, Boolean isReadingPrependedMessage)
         at System.Runtime.CompilerServices.PoolingAsyncValueTaskMethodBuilder`1.StateMachineBox`1.System.Threading.Tasks.Sources.IValueTaskSource<TResult>.GetResult(Int16 token)
         at Npgsql.NpgsqlDataReader.NextResult(Boolean async, Boolean isConsuming, CancellationToken cancellationToken)
         at Npgsql.NpgsqlDataReader.NextResult(Boolean async, Boolean isConsuming, CancellationToken cancellationToken)
         at Npgsql.NpgsqlCommand.ExecuteReader(Boolean async, CommandBehavior behavior, CancellationToken cancellationToken)
         at Npgsql.NpgsqlCommand.ExecuteReader(Boolean async, CommandBehavior behavior, CancellationToken cancellationToken)
         at Npgsql.NpgsqlCommand.ExecuteDbDataReaderAsync(CommandBehavior behavior, CancellationToken cancellationToken)
         at Dapper.SqlMapper.QueryRowAsync[T](IDbConnection cnn, Row row, Type effectiveType, CommandDefinition command) in /_/Dapper/SqlMapper.Async.cs:line 489
         at Nestify.Api.Profiles.UserProfileService.ReadAsync(IDbConnection connection, IDbTransaction transaction, Int64 userId) in E:\Nestify\src\Nestify.Api\Profiles\UserProfileService.cs:line 129
         at Nestify.Api.Profiles.UserProfileService.GetAsync(Int64 userId) in E:\Nestify\src\Nestify.Api\Profiles\UserProfileService.cs:line 26
         at Nestify.Api.Controllers.UserProfileController.GetMyProfile() in E:\Nestify\src\Nestify.Api\Controllers\UserProfileController.cs:line 32
         at lambda_method45(Closure, Object)
         at Microsoft.AspNetCore.Mvc.Infrastructure.ActionMethodExecutor.AwaitableObjectResultExecutor.Execute(ActionContext actionContext, IActionResultTypeMapper mapper, ObjectMethodExecutor executor, Object controller, Object[] arguments)
         at Microsoft.AspNetCore.Mvc.Infrastructure.ControllerActionInvoker.<InvokeActionMethodAsync>g__Awaited|12_0(ControllerActionInvoker invoker, ValueTask`1 actionResultValueTask)
         at Microsoft.AspNetCore.Mvc.Infrastructure.ControllerActionInvoker.<InvokeNextActionFilterAsync>g__Awaited|10_0(ControllerActionInvoker invoker, Task lastTask, State next, Scope scope, Object state, Boolean isCompleted)
         at Microsoft.AspNetCore.Mvc.Infrastructure.ControllerActionInvoker.Rethrow(ActionExecutedContextSealed context)
         at Microsoft.AspNetCore.Mvc.Infrastructure.ControllerActionInvoker.Next(State& next, Scope& scope, Object& state, Boolean& isCompleted)
         at Microsoft.AspNetCore.Mvc.Infrastructure.ControllerActionInvoker.<InvokeInnerFilterAsync>g__Awaited|13_0(ControllerActionInvoker invoker, Task lastTask, State next, Scope scope, Object state, Boolean isCompleted)
         at Microsoft.AspNetCore.Mvc.Infrastructure.ResourceInvoker.<InvokeFilterPipelineAsync>g__Awaited|20_0(ResourceInvoker invoker, Task lastTask, State next, Scope scope, Object state, Boolean isCompleted)
         at Microsoft.AspNetCore.Mvc.Infrastructure.ResourceInvoker.<InvokeAsync>g__Awaited|17_0(ResourceInvoker invoker, Task task, IDisposable scope)
         at Microsoft.AspNetCore.Mvc.Infrastructure.ResourceInvoker.<InvokeAsync>g__Awaited|17_0(ResourceInvoker invoker, Task task, IDisposable scope)
         at Microsoft.AspNetCore.Authorization.AuthorizationMiddleware.Invoke(HttpContext context)
         at Microsoft.AspNetCore.Authentication.AuthenticationMiddleware.Invoke(HttpContext context)
         at Microsoft.AspNetCore.Diagnostics.DeveloperExceptionPageMiddlewareImpl.Invoke(HttpContext context)
        Exception data:
          Severity: ERROR
          SqlState: 42703
          MessageText: column p.gender does not exist
          Position: 336
          File: parse_relation.c
          Line: 3859
          Routine: errorMissingColumn
fail: Microsoft.AspNetCore.Server.Kestrel[13]
      Connection id "0HNOM8OGS65KT", Request id "0HNOM8OGS65KT:00000001": An unhandled exception was thrown by the application.
      System.AggregateException: An error occurred while writing to logger(s). (Cannot open log for source '.NET Runtime'. You may not have write access.)
       ---> System.InvalidOperationException: Cannot open log for source '.NET Runtime'. You may not have write access.
       ---> System.ComponentModel.Win32Exception (5): Access is denied.
         --- End of inner exception stack trace ---
         at System.Diagnostics.EventLogInternal.OpenForWrite(String currentMachineName)
         at System.Diagnostics.EventLogInternal.InternalWriteEvent(UInt32 eventID, UInt16 category, EventLogEntryType type, String[] strings, Byte[] rawData, String currentMachineName)
         at System.Diagnostics.EventLogInternal.WriteEvent(EventInstance instance, Byte[] data, Object[] values)
         at Microsoft.Extensions.Logging.EventLog.WindowsEventLog.WriteEntry(String message, EventLogEntryType type, Int32 eventID, Int16 category)
         at Microsoft.Extensions.Logging.EventLog.EventLogLogger.WriteMessage(String message, EventLogEntryType eventLogEntryType, Int32 eventId)
         at Microsoft.Extensions.Logging.EventLog.EventLogLogger.Log[TState](LogLevel logLevel, EventId eventId, TState state, Exception exception, Func`3 formatter)
         at Microsoft.Extensions.Logging.Logger.<Log>g__LoggerLog|14_0[TState](LogLevel logLevel, EventId eventId, ILogger logger, Exception exception, Func`3 formatter, List`1& exceptions, TState& state)
         --- End of inner exception stack trace ---
         at Microsoft.Extensions.Logging.Logger.ThrowLoggingError(List`1 exceptions)
         at Microsoft.Extensions.Logging.Logger.Log[TState](LogLevel logLevel, EventId eventId, TState state, Exception exception, Func`3 formatter)
         at Microsoft.Extensions.Logging.Logger`1.Microsoft.Extensions.Logging.ILogger.Log[TState](LogLevel logLevel, EventId eventId, TState state, Exception exception, Func`3 formatter)
         at Microsoft.Extensions.Logging.LoggerMessage.<>c__DisplayClass8_0.<Define>g__Log|0(ILogger logger, Exception exception)
         at Microsoft.AspNetCore.Diagnostics.DiagnosticsTelemetry.ReportUnhandledException(ILogger logger, HttpContext context, Exception ex)
         at Microsoft.AspNetCore.Diagnostics.DeveloperExceptionPageMiddlewareImpl.Invoke(HttpContext context)
         at Microsoft.AspNetCore.Server.Kestrel.Core.Internal.Http.HttpProtocol.ProcessRequests[TContext](IHttpApplication`1 application)
warn: Microsoft.AspNetCore.Server.Kestrel[0]
      Connection processing ended abnormally.
      System.AggregateException: An error occurred while writing to logger(s). (Cannot open log for source '.NET Runtime'. You may not have write access.)
       ---> System.InvalidOperationException: Cannot open log for source '.NET Runtime'. You may not have write access.
       ---> System.ComponentModel.Win32Exception (5): Access is denied.
         --- End of inner exception stack trace ---
         at System.Diagnostics.EventLogInternal.OpenForWrite(String currentMachineName)
         at System.Diagnostics.EventLogInternal.InternalWriteEvent(UInt32 eventID, UInt16 category, EventLogEntryType type, String[] strings, Byte[] rawData, String currentMachineName)
         at System.Diagnostics.EventLogInternal.WriteEvent(EventInstance instance, Byte[] data, Object[] values)
         at Microsoft.Extensions.Logging.EventLog.WindowsEventLog.WriteEntry(String message, EventLogEntryType type, Int32 eventID, Int16 category)
         at Microsoft.Extensions.Logging.EventLog.EventLogLogger.WriteMessage(String message, EventLogEntryType eventLogEntryType, Int32 eventId)
         at Microsoft.Extensions.Logging.EventLog.EventLogLogger.Log[TState](LogLevel logLevel, EventId eventId, TState state, Exception exception, Func`3 formatter)
         at Microsoft.Extensions.Logging.Logger.<Log>g__LoggerLog|14_0[TState](LogLevel logLevel, EventId eventId, ILogger logger, Exception exception, Func`3 formatter, List`1& exceptions, TState& state)
         --- End of inner exception stack trace ---
         at Microsoft.Extensions.Logging.Logger.ThrowLoggingError(List`1 exceptions)
         at Microsoft.Extensions.Logging.Logger.Log[TState](LogLevel logLevel, EventId eventId, TState state, Exception exception, Func`3 formatter)
         at Microsoft.Extensions.Logging.LoggerMessage.<>c__DisplayClass12_0`2.<Define>g__Log|0(ILogger logger, T1 arg1, T2 arg2, Exception exception)
         at Microsoft.AspNetCore.Server.Kestrel.Core.Internal.Infrastructure.KestrelTrace.GeneralLog.ApplicationError(ILogger logger, String connectionId, String traceIdentifier, Exception ex)
         at Microsoft.AspNetCore.Server.Kestrel.Core.Internal.Http.HttpProtocol.ProcessRequests[TContext](IHttpApplication`1 application)
         at Microsoft.AspNetCore.Server.Kestrel.Core.Internal.Http.HttpProtocol.ProcessRequestsAsync[TContext](IHttpApplication`1 application)
crit: Microsoft.AspNetCore.Server.Kestrel[0]
      Unexpected exception in HttpConnection.ProcessRequestsAsync.
      System.AggregateException: An error occurred while writing to logger(s). (Cannot open log for source '.NET Runtime'. You may not have write access.)
       ---> System.InvalidOperationException: Cannot open log for source '.NET Runtime'. You may not have write access.
       ---> System.ComponentModel.Win32Exception (5): Access is denied.
         --- End of inner exception stack trace ---
         at System.Diagnostics.EventLogInternal.OpenForWrite(String currentMachineName)
         at System.Diagnostics.EventLogInternal.InternalWriteEvent(UInt32 eventID, UInt16 category, EventLogEntryType type, String[] strings, Byte[] rawData, String currentMachineName)
         at System.Diagnostics.EventLogInternal.WriteEvent(EventInstance instance, Byte[] data, Object[] values)
         at Microsoft.Extensions.Logging.EventLog.WindowsEventLog.WriteEntry(String message, EventLogEntryType type, Int32 eventID, Int16 category)
         at Microsoft.Extensions.Logging.EventLog.EventLogLogger.WriteMessage(String message, EventLogEntryType eventLogEntryType, Int32 eventId)
         at Microsoft.Extensions.Logging.EventLog.EventLogLogger.Log[TState](LogLevel logLevel, EventId eventId, TState state, Exception exception, Func`3 formatter)
         at Microsoft.Extensions.Logging.Logger.<Log>g__LoggerLog|14_0[TState](LogLevel logLevel, EventId eventId, ILogger logger, Exception exception, Func`3 formatter, List`1& exceptions, TState& state)
         --- End of inner exception stack trace ---
         at Microsoft.Extensions.Logging.Logger.ThrowLoggingError(List`1 exceptions)
         at Microsoft.Extensions.Logging.Logger.Log[TState](LogLevel logLevel, EventId eventId, TState state, Exception exception, Func`3 formatter)
         at Microsoft.AspNetCore.Server.Kestrel.Core.Internal.Infrastructure.KestrelTrace.Log[TState](LogLevel logLevel, EventId eventId, TState state, Exception exception, Func`3 formatter)
         at Microsoft.Extensions.Logging.LoggerExtensions.Log(ILogger logger, LogLevel logLevel, EventId eventId, Exception exception, String message, Object[] args)
         at Microsoft.Extensions.Logging.LoggerExtensions.LogWarning(ILogger logger, EventId eventId, Exception exception, String message, Object[] args)
         at Microsoft.AspNetCore.Server.Kestrel.Core.Internal.Http.HttpProtocol.ProcessRequestsAsync[TContext](IHttpApplication`1 application)
         at Microsoft.AspNetCore.Server.Kestrel.Core.Internal.Http.HttpProtocol.ProcessRequestsAsync[TContext](IHttpApplication`1 application)
         at Microsoft.AspNetCore.Server.Kestrel.Core.Internal.HttpConnection.ProcessRequestsAsync[TContext](IHttpApplication`1 httpApplication)
fail: Microsoft.AspNetCore.Server.Kestrel[0]
      Unhandled exception while processing 0HNOM8OGS65KT.
      System.AggregateException: An error occurred while writing to logger(s). (Cannot open log for source '.NET Runtime'. You may not have write access.)
       ---> System.InvalidOperationException: Cannot open log for source '.NET Runtime'. You may not have write access.
       ---> System.ComponentModel.Win32Exception (5): Access is denied.
         --- End of inner exception stack trace ---
         at System.Diagnostics.EventLogInternal.OpenForWrite(String currentMachineName)
         at System.Diagnostics.EventLogInternal.InternalWriteEvent(UInt32 eventID, UInt16 category, EventLogEntryType type, String[] strings, Byte[] rawData, String currentMachineName)
         at System.Diagnostics.EventLogInternal.WriteEvent(EventInstance instance, Byte[] data, Object[] values)
         at Microsoft.Extensions.Logging.EventLog.WindowsEventLog.WriteEntry(String message, EventLogEntryType type, Int32 eventID, Int16 category)
         at Microsoft.Extensions.Logging.EventLog.EventLogLogger.WriteMessage(String message, EventLogEntryType eventLogEntryType, Int32 eventId)
         at Microsoft.Extensions.Logging.EventLog.EventLogLogger.Log[TState](LogLevel logLevel, EventId eventId, TState state, Exception exception, Func`3 formatter)
         at Microsoft.Extensions.Logging.Logger.<Log>g__LoggerLog|14_0[TState](LogLevel logLevel, EventId eventId, ILogger logger, Exception exception, Func`3 formatter, List`1& exceptions, TState& state)
         --- End of inner exception stack trace ---
         at Microsoft.Extensions.Logging.Logger.ThrowLoggingError(List`1 exceptions)
         at Microsoft.Extensions.Logging.Logger.Log[TState](LogLevel logLevel, EventId eventId, TState state, Exception exception, Func`3 formatter)
         at Microsoft.AspNetCore.Server.Kestrel.Core.Internal.Infrastructure.KestrelTrace.Log[TState](LogLevel logLevel, EventId eventId, TState state, Exception exception, Func`3 formatter)
         at Microsoft.Extensions.Logging.LoggerExtensions.Log(ILogger logger, LogLevel logLevel, EventId eventId, Exception exception, String message, Object[] args)
         at Microsoft.Extensions.Logging.LoggerExtensions.LogCritical(ILogger logger, EventId eventId, Exception exception, String message, Object[] args)
         at Microsoft.AspNetCore.Server.Kestrel.Core.Internal.HttpConnection.ProcessRequestsAsync[TContext](IHttpApplication`1 httpApplication)
         at Microsoft.AspNetCore.Server.Kestrel.Core.Internal.Infrastructure.KestrelConnection`1.ExecuteAsync()
